0,SPLConqueror.csv,0.004768696834666478,6.275862068965517,0.0067510239688688585,-1.4343144076407819,-3.3985155747629854,0.6330712061397747,0.018163648308963,0.029606462717684634,18.90156366545077,986.936727503853
0,DT.csv,0.0032422024895090024,1.3448275862068966,0.10776626800674491,-0.1161589273976178,-0.49641609940254305,1.3869675497939715,0.028078437112765586,-0.1714764546778621,5.801414810988042,483.6669582659864
0,DECART.csv,-0.03518588068068455,1.5172413793103448,0.17436026265544177,-0.11858001029244591,-0.49426473587115627,1.9146122249455022,0.031608854610519654,-0.16989499709688194,5.914398070235072,484.2536469848516
0,DaL.csv,0.015856598103571734,3.5517241379310347,0.03197107549688466,-0.126969609400847,-0.5522870015698831,-0.060411130337231445,0.009067442989016072,-0.0019010650266800821,3.6341063617897604,318.0381748382542
0,LR.csv,0.0027231407565775773,6.241379310344827,0.009792313749110045,-1.436098748513111,-3.398834477289169,0.7592334473032816,0.015650497416956677,0.02947615204824483,18.95198805190364,990.5193258588225
0,GP.csv,0.08685251402128402,4.793103448275862,0.028733739874814406,-0.61135593181656,-1.258140797851826,-3.051547493146713,0.018613567945416576,-0.026810241213837238,22.56331957592657,2029.0464121323544
0,RF.csv,0.09458401731393204,2.206896551724138,0.013455530203512912,-0.2671360066080124,-0.9809326526249333,0.4179936423365005,0.02692321873463277,-0.0066082653328229934,5.706530563605364,448.40273169331505
0,HINNPerf.csv,0.03061107396999778,3.59375,0.04508045417762567,-0.14076763068842046,-0.6153357814584313,-0.36763558981660793,0.008638796830187423,-0.01950916005208747,3.3747418496001433,290.159606811274
0,kNN.csv,-0.001629517897775823,4.103448275862069,0.045556514692935035,-0.8036413398386055,-2.1277652083935417,-3.1149528997416853,0.037393082419070356,-0.12865515581571196,27.4598347709739,2245.2026968380833
0,SVR.csv,0.7806917124523709,1.0344827586206897,0.11664751760095479,-1.4982508732878586,-3.6326539904348625,-1.3697979139126977,-0.22413005315686674,-0.8034559119331448,28.297083568945773,3321.75901708248
0,DeepPerf.csv,0.002460874076233313,3.4827586206896552,0.03438464078029166,-0.10343518393599038,-0.4379566710934357,0.0802566931509725,0.009731949361136749,-0.0015122300654366594,7.565468693613786,336.26693750038464
1,SPLConqueror.csv,-0.02906210996352472,6.241379310344827,0.0047597720204247025,-1.4473174120724206,-3.355719395823506,0.7747098865904389,0.009747965628665978,0.04169411777902898,18.912084132930826,1256.728535661448
1,DT.csv,-0.05126843253113263,1.7586206896551724,0.1195830770110223,0.011144358554759703,0.037128724875686636,0.8152240376631354,0.026401178264603087,-0.17967271295976273,6.874956656534868,736.5686620386176
1,DECART.csv,-0.04833825985389457,2.3448275862068964,0.17997532313218614,-0.014747392352445265,-0.10408523750913101,1.7375815158685413,0.027795501986375926,-0.1377555670111893,6.499612544138056,693.879139638102
1,DaL.csv,0.01009487773085592,4.0344827586206895,0.02301886607035163,-0.029615555502280566,-0.15536025690026456,0.17319925689201288,0.0014698644653626802,0.0059556258591458855,3.764278516251255,439.663347500482
1,LR.csv,-0.02738302756595201,6.241379310344827,0.004721837192459135,-1.4478073643198413,-3.3555980702420953,0.7661587926750366,0.010131521222774165,0.04158611553385205,18.895957476105135,1258.3396061281005
1,GP.csv,0.07199115464918343,4.482758620689655,0.02713048199782638,-0.5697437042712996,-0.9936948298491528,-3.103378456185859,0.015470659980653001,-0.014273424229402587,22.939887147301636,2638.5086139155783
1,RF.csv,0.05699878377219984,3.7241379310344827,0.010791409666947974,-0.2266717393332236,-0.8015107885050852,0.18589161722544212,0.023360724983572223,0.009957929535197474,6.411912467839848,656.64334758599
1,HINNPerf.csv,0.006356267710915506,3.793103448275862,0.027093062843498526,-0.06010644285124456,-0.3162819146257898,0.042495390198319605,0.0018861914055485762,0.011945849563256505,3.6166520334341175,425.166809695782
1,kNN.csv,0.0032282867996413778,5.344827586206897,0.043461425436997894,-0.7257777588871354,-1.9117958089191924,-3.0553765018706067,0.03543125662826008,-0.10742061750830789,26.716180382942632,2806.4733155581557
1,SVR.csv,0.6411014462838145,1.793103448275862,0.11160592461597982,-1.56132130707427,-3.6369973705329546,-1.3173153774107194,-0.22414881335861225,-0.8005905222118583,26.77990716459177,4194.359402689038
1,DeepPerf.csv,-0.008835015608627358,3.7586206896551726,0.021256443590866387,-0.032600339778676934,-0.15111001723280637,0.22334103237179903,0.0009771800438551637,0.007751053821863807,6.541327824570639,483.7465113225148
2,SPLConqueror.csv,-0.018242267426894915,6.206896551724138,0.005006024057394549,-1.4485366435557423,-3.367889184465992,0.516034647253413,0.013157891597806892,0.03836165304414929,19.265126824705888,1173.0873706538252
2,DT.csv,-0.015306643411541782,1.6896551724137931,0.11738886007080931,0.023216068971426473,0.10101389126106941,1.3625507405503674,0.025290982293329378,-0.16255625393605566,6.478506434780885,667.842488606071
2,DECART.csv,-0.041543831681629395,2.0,0.18537406946112658,-0.012075088311597204,-0.1245871862179051,1.6401535059410204,0.029530982321265054,-0.12444382818261146,6.269306834939687,632.2610571272969
2,DaL.csv,0.02948925732505102,2.896551724137931,0.021348312956864863,-0.06872718639152686,-0.41706918771897783,0.2578121996022018,-0.0036220706460768914,0.012514330516175232,3.8262601077624585,410.8997692165196
2,LR.csv,-0.01791358351695113,6.172413793103448,0.00511781354918232,-1.4487957938501927,-3.3685312373719016,0.6313326786374089,0.013135914872342447,0.03862902164819759,19.296170361859936,1174.930848166939
2,GP.csv,0.040356390261395314,4.0,0.027100213870218808,-0.5471689074869917,-0.9904178159540706,-3.0761248014892684,0.013283991322140754,-0.018556607611382114,23.01467272733678,2504.4979333276005
2,RF.csv,0.06361655349213549,3.4827586206896552,0.012094624395629427,-0.17594569552403527,-0.7073315661523565,0.4922928176509629,0.02125476327156295,0.0019754979810839846,5.98824761454606,588.5161292171869
2,HINNPerf.csv,0.04615193333159193,3.896551724137931,0.030109520249150524,-0.06624092618939748,-0.41976560789208683,0.2544827611150273,0.00042278509215598614,0.00469430007806193,3.4388222812796565,373.55544153854504
2,kNN.csv,-0.019605985147350097,5.931034482758621,0.044863277475573254,-0.7188601193072697,-1.9328452847359854,-3.1375619852899463,0.03466672370851209,-0.09242911709776713,27.45568920332741,2697.054243701092
2,SVR.csv,0.8619282970620981,1.4482758620689655,0.11249305360994996,-1.4748236088936477,-3.535963999712274,-1.4524365177313405,-0.22815976086107725,-0.8029241920531418,26.95397192022509,3943.4267606844955
2,DeepPerf.csv,0.011949231232525961,3.6206896551724137,0.02755616782646732,-0.023164971889613417,-0.17165560755694553,0.613273433693581,-0.0014600731868483763,0.009680409581197202,7.931029144130048,448.7376096129551
3,SPLConqueror.csv,-0.024876528597244395,6.310344827586207,0.00507481759080242,-1.4537032191262063,-3.4087615600309986,0.7274675953305421,0.00948536104047415,0.038374835707865707,18.936356743189688,1204.135225155502
3,DT.csv,-0.05514933242572584,1.7586206896551724,0.11204302924557355,-0.03210408466049319,-0.03680620410831281,1.2491259204980985,0.022673733691060516,-0.14726492753036358,6.484518764706907,671.7050591911028
3,DECART.csv,-0.03722669297869538,1.6896551724137931,0.1609781626763644,-0.0396302987692605,-0.1162708388688829,1.5721093290599075,0.027747547455697963,-0.1029850120085315,6.403946761785109,652.3820993493279
3,DaL.csv,0.038327020591434086,2.6206896551724137,0.02273696690100607,-0.09292797813833897,-0.41886280395810704,0.22662287150473848,0.0005396005021924832,0.014413014908595256,3.6166708088670356,392.4121366338828
3,LR.csv,-0.024740956245954286,6.241379310344827,0.005183740685364865,-1.4573478709625662,-3.4094668410219064,0.7474118324336718,0.008532451766356197,0.0380691224003884,18.937473838810618,1204.8104910138447
3,GP.csv,0.05948588081509516,4.137931034482759,0.02540330671282492,-0.5923686935643879,-1.2317212722397082,-3.138475650987016,0.014492456282104937,-0.01586597732024042,22.86005087543553,2459.3096081635
3,RF.csv,0.03233055702342354,2.7586206896551726,0.011830915850899276,-0.23225064810553886,-0.8408778383341322,0.4157441513054314,0.020366527879827956,0.0012889736929582174,6.2729718375724195,611.539854387021
3,HINNPerf.csv,0.06217677272511904,3.896551724137931,0.030667440938934035,-0.10866008635972224,-0.5191810059386928,-0.20416120976276497,-0.0011164790855813234,0.010378743805521173,3.462202732375821,377.9963852078501
3,kNN.csv,-0.00922346569163797,5.172413793103448,0.044562305766913876,-0.7693468006836743,-2.0975341009905795,-3.087698684526518,0.0354951122688657,-0.07563857178750133,26.950796621724603,2640.4437154240836
3,SVR.csv,0.6851709807441837,1.103448275862069,0.11169046238685826,-1.4111410420397237,-3.559849526242698,-1.5306368779711774,-0.2249907988996125,-0.7939621446006868,27.41319096551722,3951.0252500931574
3,DeepPerf.csv,-0.014727921152003005,2.3793103448275863,0.03708152239338679,-0.06765608418702707,-0.2813848208874328,0.2782995893916853,-0.0010206105758188144,-0.0010368913789629008,8.276151844806,443.65832710212806
4,SPLConqueror.csv,-0.029086625280461874,6.275862068965517,0.0023401753666731917,-1.4407912673307208,-3.340048365988286,0.7669303826633369,0.009546763689885496,0.039395901670026046,18.847152214340774,1227.270243623356
4,DT.csv,0.01452863900984698,1.5517241379310345,0.11565336413311472,-0.029864028824689415,-0.19894394510259872,1.4357683514324142,0.021789100718389687,-0.2109210547695396,6.2585813753243515,671.841361535727
4,DECART.csv,-0.04562266841790056,1.4482758620689655,0.20059266543077603,-0.061395749800251975,-0.35120301486952465,2.0243186580616204,0.026747968243288733,-0.13141126501083733,6.059835725247225,632.4107118525109
4,DaL.csv,0.04505161752179325,3.9655172413793105,0.017596087996243317,-0.03886731064702098,-0.20766564618840588,0.44795137300389687,6.56863877080971e-05,0.015953908348680712,3.510794721858767,401.2248865904686
4,LR.csv,-0.02753631044392202,6.241379310344827,0.005706243621205715,-1.4379873157174476,-3.333973861647634,0.8168029308294722,0.008772019753089388,0.03982189595144203,18.909655421636792,1227.5982603092784
4,GP.csv,0.06583654197175084,4.655172413793103,0.0249250491668865,-0.6125951476878382,-1.1901178310770555,-3.107784605434726,0.016274617658577184,-0.014926322474281273,22.809563807985825,2572.3241229337004
4,RF.csv,0.051312397519498926,3.5172413793103448,0.008697378530555164,-0.14985857392945712,-0.45088517565496433,0.36695389411988977,0.022581137981165456,0.0011097476435258935,6.070976646624979,616.3000799857803
4,HINNPerf.csv,0.037883296239732384,4.206896551724138,0.026251728611359274,-0.047956237885125264,-0.27611447112002896,0.328212192067709,-0.0010212330243291046,0.007975305474436256,3.3665152545208525,398.0082128035672
4,kNN.csv,-0.044615296619553636,6.068965517241379,0.04306904578970912,-0.7808497187763436,-2.083063231067826,-3.1220763385378003,0.035970519653296784,-0.061619841893386096,26.75766197861676,2770.0783444054387
4,SVR.csv,0.7640396927431568,1.2758620689655173,0.11168740252628928,-1.7798773731831388,-3.29004378350267,-0.4868041406612851,-0.25372540803484633,-0.8120417104185206,26.545600908070067,4090.683372955919
4,DeepPerf.csv,-0.001310235030463458,3.0,0.01925059995167203,-0.04396247670197284,-0.18632183072404596,0.43647087122655126,0.0012694218974591553,0.014278802489444242,6.155179264208073,474.4341443331797
5,SPLConqueror.csv,-0.02868476586782486,6.172413793103448,0.004768764157268627,-1.444766187904527,-3.335784545628218,0.5054436122662729,0.01313163976011078,0.03962670898764575,18.868635471481035,1209.0805247572869
5,DT.csv,-0.08093200563978067,2.1379310344827585,0.11511415684931986,0.040306802216695914,0.2809254324538397,0.6550266795316864,0.028586137756957175,-0.1674359754383642,6.504912577615738,681.0417132878987
5,DECART.csv,-0.042741725743566925,2.793103448275862,0.18263300312922806,0.013399521718124863,0.11368259100699296,1.8904665150003765,0.03213922111978129,-0.12878699342593736,6.16538616154383,642.1953938222629
5,DaL.csv,0.03470228698475411,3.4482758620689653,0.024209883713921857,0.007012955193205883,0.08541051723959425,0.3511365425310844,-0.0034225044469363697,0.01751458903323777,3.673930992004168,407.42295214782484
5,LR.csv,-0.02886247410663284,6.206896551724138,0.004528594173430656,-1.4434188404684307,-3.328415670135449,0.5118320918807058,0.014574466100712113,0.039852670611919216,18.87357147398543,1205.6141457294952
5,GP.csv,0.05109900571111774,3.7241379310344827,0.02530471054002611,-0.5769319136275977,-0.9987022157326377,-3.1315980848185045,0.017001826802967357,-0.014255808016467308,22.78608654093147,2512.257530035375
5,RF.csv,0.04351623456455955,3.206896551724138,0.011321166422212845,-0.17715757384625164,-0.5761196688619008,0.4296938356619675,0.025291221264105768,0.0039015819229435422,6.109106638174754,600.4882373218504
5,HINNPerf.csv,0.02212295270729915,5.103448275862069,0.02938919102860187,-0.04337192499526199,-0.20663427194435258,-0.31514541669107254,-8.153487970630202e-05,0.008517995029782788,3.4848380207102596,399.12677285602024
5,kNN.csv,-0.029350450122408583,5.758620689655173,0.04335419120775519,-0.7491002754171171,-1.9436077380228884,-3.134126262632461,0.03757969473542744,-0.06715960433746604,26.761729344066218,2691.5755066173892
5,SVR.csv,0.8812321987083513,2.1379310344827585,0.12085845775687981,-1.6112977360380911,-3.4949226516697047,-1.0147073163771867,-0.24190289051883063,-0.8119738250389354,26.763053100721457,4029.638046881181
5,DeepPerf.csv,-0.0009527685639388259,3.8620689655172415,0.03467848872314065,0.0027966967279335897,0.06647244631845028,0.25572727174568577,-0.0009862485081352235,0.00031572086787712283,8.178432047197324,452.257768996251
6,SPLConqueror.csv,-0.030746965865004312,6.241379310344827,0.005195206274266163,-1.4512681650537695,-3.3649324999093424,0.7387258191175352,0.01061285184762184,0.038958396652576166,19.374521840678632,1203.3248172671767
6,DT.csv,-0.06460031854572908,3.0344827586206895,0.11783315164073507,-0.011258153436447982,-0.14255471706260048,0.5140575939111001,0.02240227696027064,-0.17679663252486033,6.644624796573689,684.7116375727348
6,DECART.csv,-0.04810132020042927,2.8275862068965516,0.1905928033777504,-0.01689592803412343,-0.1654253785516433,1.4742861515500518,0.024731614474208463,-0.12020130385833339,6.106160210777738,624.4713821724639
6,DaL.csv,0.032500119525177534,3.206896551724138,0.023619680343852877,-0.03353645264171923,-0.24158175111654945,0.394231291195716,-0.001291026602012968,0.014813111491312703,3.671708825929226,393.14821932131406
6,LR.csv,-0.02853861136482199,6.379310344827586,0.005060485604675768,-1.4534340811681363,-3.37335877611578,0.7037777842799784,0.0127755143231022,0.03858806697872019,19.399037948130296,1207.881804110414
6,GP.csv,0.09624184109845782,3.6206896551724137,0.027154675417500027,-0.5936749612866448,-1.1511868475181823,-3.138863587809608,0.013574647213137392,-0.01455341867297244,23.086995750297067,2501.3211282139478
6,RF.csv,0.06125723326309897,2.689655172413793,0.0117592559202661,-0.1819285805507873,-0.6971203006147051,0.17329228472363933,0.022242438377468643,0.0015213041525702353,6.242217081757785,613.1535500329636
6,HINNPerf.csv,0.01882948257470589,4.551724137931035,0.031223248195539493,-0.06691659117397508,-0.41834502031454646,-0.17973762880487687,-0.0012346815528131438,0.006872354156951865,3.3937510705654663,371.85370144718826
6,kNN.csv,0.0006799480108958464,5.275862068965517,0.046207617774251836,-0.727889128144135,-1.9107027950005384,-3.1113286172272643,0.034501823158930134,-0.0704154998072547,26.949202918590032,2667.926574368676
6,SVR.csv,0.8269276194157793,1.793103448275862,0.11417562878121718,-1.480859965450345,-3.5713595019001834,-1.2493755789067134,-0.226730169716451,-0.7924925001973051,26.587477654760225,3955.5350216412994
6,DeepPerf.csv,0.013986381356768343,3.8275862068965516,0.02353264454511844,-0.017068113714322042,-0.1419604499590994,0.24778838369062584,-0.001274825406139768,0.009642987487995192,7.233708850830899,440.475222982174
7,SPLConqueror.csv,-0.023832200388501597,6.413793103448276,0.00468498756815788,-1.4504174450198923,-3.3739313318631803,0.6724778903887936,0.009696086322530273,0.038713470091839786,19.04218462364358,1193.4400750996072
7,DT.csv,-0.011391064189687057,1.793103448275862,0.11478330499298661,-0.07057705158717753,-0.3611332693259479,1.0199967043632485,0.02175476167142998,-0.18239741129618325,6.512166609512826,664.5180697681084
7,DECART.csv,-0.05652384048190901,1.9310344827586208,0.19108393273397897,-0.08717914748074396,-0.4672930791247878,2.006803101502558,0.028904036255782417,-0.13700536705258137,6.453855189603231,647.5182360191476
7,DaL.csv,0.005835093319315379,4.172413793103448,0.02216590356603416,-0.08528174678535749,-0.3791073755414378,0.0009315383996852944,0.0011978383363433487,-0.00023594572014251636,3.6915660840486373,398.79960808221335
7,LR.csv,-0.02293379057570947,6.379310344827586,0.004624793226425995,-1.4607381229261107,-3.3884983504363904,0.6170060631810514,0.010173005211895014,0.03890220044077697,18.967781448497792,1192.5989996273684
7,GP.csv,0.11001932684827742,3.793103448275862,0.02654413280850527,-0.6228079785412297,-1.2903762562669558,-3.142192039346079,0.014534149607357216,-0.015818400712751535,23.082169685297707,2483.286943560639
7,RF.csv,0.014777715953787865,3.1724137931034484,0.011704794372984887,-0.2668877481639462,-0.9891011965771259,0.1839051964984879,0.022885270272859692,0.0001740911547561952,6.324656393013799,608.3905580875398
7,HINNPerf.csv,-0.0019362946812079354,4.586206896551724,0.03059003965744059,-0.11125884473984216,-0.5386432861201564,0.006226740163253197,0.0003754876188362122,0.0013999684751437869,3.49266802725484,377.26256836892156
7,kNN.csv,0.004016153478146878,5.758620689655173,0.04527317227879507,-0.8261048904831836,-2.2789697607320214,-3.0991271094369752,0.034498154061244124,-0.06996703259973736,27.123117598988603,2656.3070427379816
7,SVR.csv,0.7795726807244008,1.1724137931034482,0.10809886666352289,-1.4871837177809895,-3.2893201613135643,-1.444501187255863,-0.2091100300021841,-0.8009039589154926,27.05902489151099,3941.213323014304
7,DeepPerf.csv,0.02189935761558154,2.896551724137931,0.031814367754679024,-0.06855520438805374,-0.32319741252677625,0.15159087460769083,-0.003357591531006121,0.003589822620495675,8.001106570480768,438.60818441971924
8,SPLConqueror.csv,0.008885425716631035,2.206896551724138,0.03980734652924173,-1.3405249810394984,-3.368776257388611,0.4484728945180505,0.027965287693939356,-0.14036240447927695,18.719748178357836,195.81396967690455
8,DT.csv,-0.08088682814798553,0.9310344827586207,0.09860291181897501,-0.34536416120548186,-1.3622931981734163,0.12752716078007786,-0.020632113751516745,-0.38158778525007553,4.829403253619113,73.94544898894719
8,DECART.csv,-0.01556978181680059,1.103448275862069,0.15149005761092393,-0.35575821709429234,-1.4053192680548323,0.9042395787988404,-0.019788731089421363,-0.3977935412875892,4.63903623138616,71.93038931051461
8,DaL.csv,0.10987003985003882,1.7241379310344827,0.04213336225107063,-0.38425286667443403,-1.5393524075604015,0.698949375429387,-0.015652466666087106,-0.19535980904054262,4.0055242737588905,62.46437121173535
8,LR.csv,0.021406488889284092,2.2413793103448274,0.041080712800315944,-1.340222221273944,-3.3572901176530383,0.4960996493154086,0.026258932259981993,-0.14322542204532818,18.73007978370399,195.179697448174
8,GP.csv,0.040280170592129336,3.5517241379310347,0.0606396187240158,-0.9183109322814823,-2.4141638665048664,-2.4477933349542234,0.02734291603195238,-0.22216964970709108,17.624006790950258,271.8133245046605
8,RF.csv,0.10702125117657246,1.5517241379310345,0.04731171842010577,-0.45288113611002734,-1.7438482144390448,0.3504764322085565,-0.012308101645714165,-0.23211022533985315,4.2538352376557835,62.24212635189054
8,HINNPerf.csv,0.0008671340920910903,1.7241379310344827,0.04187868899685576,-0.40212059851978754,-1.629048402450735,0.19154512961276282,-0.018792570966759903,-0.191170959738998,4.059313681581726,65.15180223772899
8,kNN.csv,0.08058097088866625,2.586206896551724,0.0773801406344048,-1.0020283361315818,-2.8768042160026472,-2.321687858469538,0.05342223403238866,-0.44938919638527086,22.701978866886062,316.05594322484245
8,SVR.csv,0.6580232768727172,1.3103448275862069,0.1653782390741067,-1.2559082072340917,-3.6841965312807194,-2.426452187476925,-0.22438324818988542,-0.7992914614587736,32.31886286493404,658.5346780081155
8,DeepPerf.csv,0.09438252702154645,2.1379310344827585,0.05072434002658463,-0.3737720939952245,-1.4793589202498194,0.3589295055282964,-0.022221420277912185,-0.18439490296594496,11.934170591553382,67.3223823834021
9,SPLConqueror.csv,-0.020377844891993777,6.241379310344827,0.004768113087692354,-1.4303339194577644,-3.3114031229359178,0.538699334401203,0.009587554137106435,0.038692643028106044,19.272907280399675,1205.4727978903315
9,DT.csv,-0.0601459861501188,1.3103448275862069,0.11698756445926345,0.041927182346138014,0.16880148110127324,0.9752354052423282,0.02342307183372505,-0.18042870557582835,6.271470083093673,660.3526184538654
9,DECART.csv,-0.058596614603127976,1.4482758620689655,0.17505217305272233,0.022365833513147804,0.04254883673195131,1.7160989225589445,0.024747502262113086,-0.16048003181751724,6.161242309677046,627.6159343021756
9,DaL.csv,0.0313113708398261,2.689655172413793,0.010526705113375282,0.0048038567734376425,-0.08995374643013365,0.44249522881234427,-0.0009352291030363391,0.021664070607183006,3.5617919924756944,403.5488520079112
9,LR.csv,-0.028250361842562764,6.275862068965517,0.004667789184805895,-1.4317042374790947,-3.320850962911752,0.502392322394801,0.009309680116385888,0.038501061436276296,19.10167520372985,1202.6791240290079
9,GP.csv,0.05867807300836135,4.379310344827586,0.02672184943647558,-0.5226260878145899,-0.8802188544730452,-3.1397530300211396,0.015288677061448652,-0.02053493677743523,22.950206218566645,2506.132519276521
9,RF.csv,0.042722176732808106,3.103448275862069,0.011644600031253002,-0.12928582104250186,-0.4765031771739663,0.315394437554116,0.021789099902990272,-0.0020567160156788056,6.0691913183769355,600.4004041620088
9,HINNPerf.csv,0.019081553254591016,3.4482758620689653,0.009583660426242532,-0.03153668203248139,-0.26935160905589806,-0.2847818874922159,0.0006296694165909278,0.0038217625868182115,3.505253460563248,396.3244360363459
9,kNN.csv,-0.03139757922294995,5.586206896551724,0.04633373925216626,-0.6661002712215015,-1.7295661043829926,-3.2164662040222254,0.03449268216812784,-0.06663242907563127,26.689953044905813,2682.3617995241775
9,SVR.csv,0.8074325091077341,1.103448275862069,0.10239473618512121,-1.590892554872976,-3.6868290821731184,-1.513246851110586,-0.2138103725891637,-0.7984211727443343,26.455412518355296,3949.6173187720356
9,DeepPerf.csv,-0.02628948662962978,3.2758620689655173,0.015743548063471297,-0.0032827636523957704,-0.11718864033303289,0.4509051978954206,-8.609215496291345e-05,0.0014430874764305157,7.122091409829335,460.03658669418405
10,SPLConqueror.csv,-0.02924635374977194,6.275862068965517,0.004796777059945637,-1.434696870508144,-3.3080477725218262,0.7351862332697747,0.006828011127927969,0.03924999348195868,19.32070986731589,1193.3968641614356
10,DT.csv,-0.022076370869400536,1.5517241379310345,0.11471737785680405,0.043009934075207035,0.1782850766636872,1.0867440475027612,0.023566696207303117,-0.15893766230856432,6.594310373838342,672.6809871872043
10,DECART.csv,-0.038942790310905355,1.3448275862068966,0.1780819549198935,0.028463751065122223,0.13294568764535297,1.8908865060555682,0.027200489670256456,-0.14538773288130857,6.259181338802206,633.6611545848024
10,DaL.csv,0.018261934662846008,3.7241379310344827,0.013957782592092283,-0.023921055456011864,-0.19351796278775524,0.3339714063295931,-0.001961831534173397,0.008483595561143975,4.045175449891866,441.063783071058
10,LR.csv,-0.027433552773536415,6.241379310344827,0.004868436990578821,-1.4371498378013152,-3.313468361685229,0.6466740360782461,0.0066286195140699,0.0391209733469946,19.30442199955916,1195.5740906354802
10,GP.csv,0.05975811213537437,3.6551724137931036,0.026524068027927988,-0.5838421775093094,-1.0949122919535936,-3.086260215695678,0.012581750062063746,-0.01574119408246144,22.998666089359215,2502.4778742798176
10,RF.csv,0.05033518439430218,3.206896551724138,0.011518478553338592,-0.10049485490859755,-0.2973859786685975,0.3111749936148218,0.020043764600550573,0.0011508809610198956,6.103597981740648,597.6843265399718
10,HINNPerf.csv,0.02203412137210585,4.758620689655173,0.009440340564976158,-0.04127603000305413,-0.2648307639192522,-0.2535007282590023,0.004386145506238059,0.007704706855743315,3.5882601847127678,397.00478401696915
10,kNN.csv,-0.0037054361565182076,5.103448275862069,0.044522176205759253,-0.7100083781608214,-1.9740785012465154,-3.0819414779966006,0.0332042111778853,-0.09676532704725582,26.728619600045697,2664.3358672284808
10,SVR.csv,0.7247306260654909,1.793103448275862,0.11072162012469758,-1.5584393539956127,-3.4946776236429367,-1.5084262660734717,-0.2251985726089658,-0.8020534985047595,26.68674801261441,3950.3546421303063
10,DeepPerf.csv,0.019850109275446753,4.0344827586206895,0.013556486980546453,0.00802068842602699,0.02037597060764984,0.30998116421750055,0.0017742340197423045,0.01380785813640839,7.622210844953299,464.32524436036346
11,SPLConqueror.csv,-0.02962316530985248,6.206896551724138,0.005221003849294106,-1.4563037185874317,-3.3933936228896964,0.6888881122274171,0.011415170538282782,0.03791777457560652,19.113868129135852,1195.2819732278504
11,DT.csv,0.0013872674432062679,1.5862068965517242,0.11703629321209402,-0.026702558028775414,-0.10995048288442,1.1154816281685243,0.022219579920992993,-0.16653048057097686,6.466238835691661,670.4448132542209
11,DECART.csv,-0.020965997273837703,1.793103448275862,0.18782770548600694,-0.03581954823813538,-0.13771331615171523,2.154496064979516,0.02617976667500188,-0.13780410086194816,6.356148047780321,644.6656978244044
11,DaL.csv,0.03546462689493135,3.310344827586207,0.012154818737361305,-0.0884128034229743,-0.4448242506501363,0.09594851653394088,0.0005501587251384166,0.015129699175693068,3.7653700418265563,410.2457906956746
11,LR.csv,-0.0335230625333334,6.241379310344827,0.006169781330877502,-1.4473603268237085,-3.3694466225776893,0.6623341712518318,0.01102645896630905,0.03753633717689109,19.006012602494778,1197.3619829736008
11,GP.csv,0.10877300780458446,4.206896551724138,0.025967986966214444,-0.6068901021470212,-1.1967673728636536,-3.1273515647901435,0.013674621924495756,-0.014417651951785015,22.9665530994712,2468.407257717775
11,RF.csv,0.07269121619053753,3.7586206896551726,0.01204876204002418,-0.23345799435475834,-0.8192688148363625,0.2705027141028369,0.020363618006307038,-0.0009594746955655653,6.247662225516414,599.9646601886088
11,HINNPerf.csv,-0.017666019999748164,4.931034482758621,0.009500534906708043,-0.1087533978571511,-0.5345263989814621,-0.19843421163794517,0.0009387961367471886,0.008092025029432293,3.6341792468268737,397.0752629919454
11,kNN.csv,0.006315526382276393,6.068965517241379,0.04345301004071213,-0.7632546466777036,-1.9925146485282155,-3.076176205329311,0.0333004375574637,-0.08890375646010573,27.13347981132574,2646.729351907587
11,SVR.csv,0.7641295614820942,1.1724137931034482,0.11187391180927922,-1.4757676970121572,-3.5952673120727545,-1.2200252777121534,-0.2137920000914223,-0.7924691458865524,27.148867443647674,3960.8508871499416
11,DeepPerf.csv,-0.0021331824607883146,3.7586206896551726,0.014207159150695776,-0.06670213957693272,-0.29431852331670516,0.3233479672005979,-0.004151275425079204,0.0066748091063968396,6.962061791297262,498.37425688651933
12,SPLConqueror.csv,-0.026210237056501932,6.241379310344827,0.004925764935085366,-1.4425722697210048,-3.3408774776660453,0.6741079360637467,0.009098445613050066,0.03853555184688906,19.29076954669305,1183.1352452202827
12,DT.csv,-0.023090083394236342,1.4137931034482758,0.11651747531430975,0.0027623342155362884,-0.04656477338047882,1.149770467642715,0.024672845879695093,-0.23474772984523962,6.600892335627756,671.2904692292257
12,DECART.csv,-0.03694245944927079,1.3793103448275863,0.1823586195800821,-0.01997513904513548,-0.16189241444862024,1.9007451091322665,0.030098405426223884,-0.15904894102583755,6.35143252494531,638.545415197638
12,DaL.csv,0.013079537065784672,3.9655172413793105,0.0133959687359281,0.004207390945795808,-0.05139965351326792,0.4117397267544467,0.0015000229663804099,0.01721565419942006,3.6170788716675313,402.4416172213145
12,LR.csv,-0.028674605098530544,6.310344827586207,0.00516080950756222,-1.4485248888831983,-3.3516603733432064,0.7016203985588589,0.00841131554125285,0.03873259701021503,19.272097847325945,1186.8567116691029
12,GP.csv,0.11215186919006198,4.241379310344827,0.027022821145134986,-0.5866320133557923,-1.0982146708493665,-3.098651872232638,0.012456018656331391,-0.012189502110093509,23.114401272691506,2501.6058417175454
12,RF.csv,0.018394273569476302,3.3448275862068964,0.012063094026150818,-0.13004356067130574,-0.5121562904243953,0.21886828787032453,0.021270896818016083,0.0027661633884378256,6.15160125469616,603.4242296557456
12,HINNPerf.csv,0.043082090131029885,3.6666666666666665,0.00937737537259314,-0.04204237585377957,-0.29866071325052745,-0.2904276954622076,0.001716834160299996,0.016343841792281544,3.6163432477418107,400.0021972845663
12,kNN.csv,-0.030395345760712445,6.0344827586206895,0.044542240986336565,-0.7517115861219813,-2.0840827878972172,-3.192577883286479,0.03328581793160923,-0.11379745205874636,26.426704946664007,2650.5381488806715
12,SVR.csv,0.806669254426801,1.4827586206896552,0.10831384645542247,-1.3187023766828445,-3.528240574588813,-1.6074126501650277,-0.20901356818289063,-0.7904843641936962,26.666836107785063,3951.9212658010156
12,DeepPerf.csv,0.0028356155251188925,3.0344827586206895,0.011759255920266092,-0.01024153458924304,-0.0792949075569056,0.24083806860576118,0.002104692987095036,0.014144247337987248,7.452819916584998,463.155183879382
13,SPLConqueror.csv,-0.03627041532336017,6.344827586206897,0.004834040223874899,-1.4450806548029018,-3.3922752843399673,0.873939700804609,0.01039889288453033,0.03850852568638341,18.893822156039654,1195.3272135752575
13,DT.csv,-0.01975413884598628,1.0,0.11585820395248442,-0.03955458919607224,-0.14826656355036505,1.0627389892568226,0.02243402969695707,-0.15029860656399485,6.451769954603852,665.4352566858714
13,DECART.csv,-0.03454088987738515,1.5517241379310345,0.18294049821682354,-0.07783485833674608,-0.3381126370779888,1.9443486789963655,0.02815209028949761,-0.12959313998050825,6.385648018607151,640.2645369335282
13,DaL.csv,0.0064001913245883,3.896551724137931,0.01231247058475431,-0.08944720509078663,-0.40964139099461105,0.2798593546794228,-0.000531039183219284,0.00234871722020924,3.8113996214923227,420.45473385501765
13,LR.csv,-0.03331143848514373,6.206896551724138,0.004980226482366599,-1.4519341172593139,-3.4024868666893,0.8053474096369504,0.013079563522975568,0.03875208219124715,18.945147147015945,1198.6851606615649
13,GP.csv,0.07615156162404069,3.586206896551724,0.025024942279081714,-0.6097709285949879,-1.201638571822145,-3.0890568679466037,0.016716436246990596,-0.01613424521158302,22.721508106562194,2434.370966262504
13,RF.csv,0.03407610768839585,3.2758620689655173,0.011561474511718493,-0.23495641128528688,-0.8628391106081348,0.27111656421281793,0.017012351006458926,0.0061727050359110525,6.197366427812667,601.6265170407315
13,HINNPerf.csv,0.01451351935778833,5.066666666666666,0.009385687924546585,-0.11060849442281584,-0.526117937102748,-0.6692597626191907,-8.974230130609495e-05,0.01608731075546599,3.5426406921039515,391.4852313660294
13,kNN.csv,0.013487305460554724,5.793103448275862,0.04438172274171823,-0.7521353070210022,-1.908830316177641,-3.1925739273520315,0.03644347011891336,-0.08515022023018737,27.012314406835706,2616.315587468111
13,SVR.csv,0.7999291803756461,1.4827586206896552,0.10808166828017093,-1.515435597942128,-3.41875435551238,-1.2894385717937382,-0.21531330795668258,-0.7975467387614651,27.345071941019327,3947.204761085792
13,DeepPerf.csv,0.02575041835551925,3.310344827586207,0.014958155223731586,-0.07969166868319943,-0.34538108830019754,0.4266700786239914,-0.002740770953373106,0.011854765461748018,7.175788630341313,443.64720096310947
14,SPLConqueror.csv,-0.025322674257050475,4.068965517241379,0.005218269001699898,-1.468222364260935,-3.3527427282647886,0.6491556701036183,0.01716392396544375,0.027764898102146884,18.28102299586231,931.1205265422844
14,DT.csv,-0.03488267405222303,2.8620689655172415,0.11384104094905956,0.09693259865629189,0.4367131950564951,1.2841898618670307,0.0225903596439756,-0.15823274488530548,5.089166379336018,464.197456827142
14,DECART.csv,-0.07085230992217623,2.9310344827586206,0.18249768484933165,0.06916644920217419,0.2611241899550705,1.9893498235907892,0.026298524850468352,-0.16651564118524542,5.164014878959523,457.6420053861958
14,DaL.csv,0.02510838038841158,3.413793103448276,0.011808723774313596,0.07346494792097502,0.30568168871899637,0.1946016767967027,0.010951127030255137,0.0008567489239118542,2.8774710839174187,296.31582472652565
14,LR.csv,-0.02221431496613329,4.068965517241379,0.005062097087656921,-1.4711966986033354,-3.354591449826561,0.5911423663883051,0.01683212286135516,0.02862633859410224,18.28271311241238,932.3357522627574
14,GP.csv,0.043990852089334925,5.517241379310345,0.02806795526967702,-0.5589034039368053,-1.2593944643707051,-2.8886416700745876,0.01479069445532133,-0.02635013457244606,20.170381388122802,1905.95670567494
14,RF.csv,0.0461517865880844,3.206896551724138,0.01202736445397375,-0.06774388391598474,-0.08078102903075735,0.12056576658664042,0.021118900734858226,-0.008956693187326281,5.223364644829697,439.9910808484646
14,HINNPerf.csv,0.0031359433348830262,3.0689655172413794,0.009046216139242228,0.044747620572591185,0.17130901593191528,0.20468378526119402,0.007146565927755422,0.002518764208141011,2.413331458990902,253.74415222944089
14,kNN.csv,0.008660710311814687,4.206896551724138,0.043987079041124644,-0.7195658391820154,-2.018477266860362,-3.1688169230287166,0.035417915543396905,-0.08671309155981954,24.89019722578515,2115.4373958853907
14,SVR.csv,0.8303569572699041,1.3103448275862069,0.11602397725868252,-1.6948545639644663,-3.584717218947372,-1.0514816280799213,-0.254900896449324,-0.8097265446325232,25.538609080915354,3278.329765672719
14,DeepPerf.csv,-0.013674403292562289,4.068965517241379,0.014085363232362345,0.08033322944283738,0.35574116603098016,0.36852030098699107,0.008433617297989082,-0.018449983624381328,4.504749875634102,326.388215614415
15,SPLConqueror.csv,-0.021514167952212095,6.103448275862069,0.0066382570444329485,-1.460118060490974,-3.3847910245209984,0.6793873295767412,0.014106623274339314,0.029782513313147296,19.394686082125258,1018.3671861918608
15,DT.csv,-0.05379551748178029,1.5517241379310345,0.11080755778698609,-0.032256538608886665,-0.1904813784697792,0.757751984770576,0.023312026882546633,-0.22301321644302785,6.411344228937872,560.3450907090305
15,DECART.csv,-0.034761106156402835,1.5172413793103448,0.16752590359871997,-0.0553310909788689,-0.3216207779489433,1.8716878696060242,0.028089808204315614,-0.15153103840801518,6.078100853433021,523.2526354997112
15,DaL.csv,0.026196802071504516,4.0344827586206895,0.01293611891520206,-0.0616638457084111,-0.39377497546970996,0.04210976069871908,-0.002750780118911056,-0.0008075452469564759,3.61943329666261,336.91122167585326
15,LR.csv,-0.020119248221764925,6.172413793103448,0.006795447302737543,-1.4589222460878148,-3.3799876360707044,0.6756168939744347,0.014148389048700971,0.029851283468463552,19.323069177777413,1016.3014669951716
15,GP.csv,0.04707102255382373,4.931034482758621,0.02768466575960762,-0.5531388248014639,-1.1814822600188806,-3.0911167665923376,0.014876749435988823,-0.023770021932152385,22.111758640436953,1985.166946305858
15,RF.csv,0.061383937191294036,3.0344827586206895,0.013831419951632614,-0.18924750004293145,-0.7652828228570043,0.3575676961463703,0.017890212012237172,-0.006453703731392091,6.030432356969786,494.83296826465374
15,HINNPerf.csv,0.023339092629642857,3.6206896551724137,0.0103458968327045,-0.08978211114285162,-0.5302619057633611,0.011911326337865624,-0.005839111551263931,0.0009061377832914053,3.6912055880251717,349.214229818992
15,kNN.csv,0.013672662062318278,5.241379310344827,0.04491408494160319,-0.6961374912764157,-1.9075808675309893,-3.1670298799362486,0.033204249926254814,-0.13147544094752894,26.430857251794414,2169.603019419831
15,SVR.csv,0.7690024318526079,2.1379310344827585,0.10700081979239207,-1.4329445245609636,-3.5278255033130894,-1.5964865807996276,-0.20393034918966546,-0.7877112397229319,26.74804970849249,3295.321132863358
15,DeepPerf.csv,0.023551920041497892,3.0344827586206895,0.016271286134882285,-0.05531039966181073,-0.33199910375016506,0.4086519645405282,-0.0028120183545982114,0.005177665597812076,8.502508037523198,376.8392319547292
16,SPLConqueror.csv,-0.03426843914463386,6.206896551724138,0.007472048849353003,-1.4458024983380218,-3.3591406623457916,0.6504430111796591,0.01784897586800316,0.026639756067480036,19.07269305583514,990.63295049532
16,DT.csv,-0.06445118420973495,1.2758620689655173,0.11273826422050998,-0.07637296223349521,-0.34333516700394107,1.0001599954913871,0.026955171847780734,-0.19923007755072863,6.413823451493994,539.2964676615215
16,DECART.csv,-0.04569844011228254,2.103448275862069,0.1721664333982341,-0.0926062162423209,-0.3993506742080366,1.5873869220642227,0.03223340730211488,-0.12348945216250351,6.373120027036718,520.2550890346126
16,DaL.csv,0.07657303498682355,3.206896551724138,0.013479450460211432,-0.08847396591555712,-0.38128825176616177,0.1921139626424555,0.0005755751537245279,0.012612045505198566,3.7835538090071923,339.1195876147745
16,LR.csv,-0.03787575762156149,6.241379310344827,0.006610919608206065,-1.4420972002333041,-3.342805759553664,0.6010782245603128,0.01853645340778165,0.028607801915992326,19.07663488199299,990.7956321611268
16,GP.csv,0.07694208864782243,4.551724137931035,0.028781580388211454,-0.6150663358079802,-1.3079780166083672,-3.0262411141539545,0.01922081322964586,-0.02610427098358381,22.274945381392286,1991.671670556556
16,RF.csv,0.06531869784804284,2.3793103448275863,0.013711818668139964,-0.22334668057613638,-0.7853611122700626,0.2546154438039627,0.023896024943253047,-0.008615298146039674,6.223898595132568,496.28137739672434
16,HINNPerf.csv,0.0034998205263568893,5.517241379310345,0.011159185560454397,-0.13461429347539,-0.6201944661777254,0.012418177407134579,0.005288566699894304,-0.005924879359691548,3.7793429254785496,344.5713250797057
16,kNN.csv,0.0010266832507434681,5.586206896551724,0.04665001214201052,-0.8177677098184118,-2.2213788030149124,-3.083393552547247,0.034903726923958045,-0.1316353522718332,27.414081520553538,2217.3842345005282
16,SVR.csv,0.8103423112482944,1.6206896551724137,0.12177670407302449,-1.583325094356268,-3.717062715624693,-1.2567569015659208,-0.24010642108699098,-0.7987500389161756,28.05016926633671,3321.0941774678017
16,DeepPerf.csv,-0.008683020139614146,4.655172413793103,0.01357854866653389,-0.11906059024143079,-0.5274559789742512,0.17166723183291221,0.005060832552564842,-0.007335931648840832,7.736439167280602,395.621598624927
17,SPLConqueror.csv,-0.024860025293852457,6.172413793103448,0.004268645485041311,-1.4555772733952461,-3.35131260128174,0.5246906283689565,0.013032777630684778,0.039489018327252934,18.826078197115923,1206.4870929825154
17,DT.csv,-0.014378544377148701,1.896551724137931,0.11237904456278858,0.059572523234300734,0.30642484300463524,1.218350341129156,0.028695016696713926,-0.16707932362660893,6.36878475951744,676.9965500288204
17,DECART.csv,-0.030689988475525853,2.310344827586207,0.1680871786963118,0.032842640843127935,0.21660474382429706,1.8457462087930105,0.032499075575685765,-0.13543273224928443,6.269647074075461,653.491842697137
17,DaL.csv,0.027884766973462802,2.6206896551724137,0.01031527801931498,-0.006733840634401744,-0.025548011758742106,0.18866382044460472,-0.001645227540251759,0.012394005422645904,3.6980574882107,421.51896495213555
17,LR.csv,-0.025571165100810575,6.275862068965517,0.003938058566111392,-1.4555792678478026,-3.3526229038736233,0.5006989706270248,0.013118141293450347,0.03916560133853031,18.84229385159986,1213.1938906407172
17,GP.csv,0.08376083016563962,3.7586206896551726,0.02540642959200454,-0.5674780559249781,-0.9670286377552204,-3.1635910036882815,0.01687745400775309,-0.012112731939221133,22.69468298789188,2508.1010776568446
17,RF.csv,0.08668980609635757,3.0344827586206895,0.010914290214299096,-0.14462380309318812,-0.35781790002671876,0.26333730914747466,0.02295800709654472,0.0032270862140010292,6.187920413367336,611.482419557183
17,HINNPerf.csv,0.030109487817799457,3.9,0.00977258804014856,-0.04637084056458085,-0.2352564113313309,-0.049479023229031416,0.0019931621137562194,0.01097052728676784,3.470869594495463,398.8010433737573
17,kNN.csv,-0.02003812011662969,5.103448275862069,0.044102956451485334,-0.7312106774826015,-1.903158473498109,-3.1680923669468632,0.03754526147157777,-0.0799622456896798,26.81391698230126,2705.67188259361
17,SVR.csv,0.7255373191127046,1.4137931034482758,0.11737175469739677,-1.7098454472531008,-3.3839682292752635,-0.9896904526101151,-0.22437302473056897,-0.8008153767856656,26.995507315514633,4015.3343448727956
17,DeepPerf.csv,0.017953427546194348,3.586206896551724,0.021346144100532,0.011632192718235457,0.09980384048680646,0.46373480562617875,-0.004306350292159755,0.006741251009589555,7.178151938858056,516.719057629494
18,SPLConqueror.csv,0.06181543111750655,2.1724137931034484,0.009896214641801352,-1.4301244478513975,-3.5482168405887373,0.5590691960557592,0.02994461738573606,-0.03279850925847705,18.94959214956001,436.1899265397229
18,DT.csv,-0.05456121719888687,1.3448275862068966,0.09156630843551633,-0.35999411830289496,-1.4547390646290175,0.620241267355448,0.015561758245107415,-0.28902018701433907,3.841265909592835,146.9101888869354
18,DECART.csv,-0.051624080652402544,0.9655172413793104,0.1413373661564896,-0.36572686989818504,-1.4961121138338838,1.3493878100671512,0.01786989633392877,-0.2482708280738738,3.9041445790448064,146.5653001475321
18,DaL.csv,0.0589252462475259,2.793103448275862,0.017853774323498963,-0.3807964202106402,-1.542804480578433,0.5010579885570374,0.01448648227452487,-0.06860902954102444,3.2708749298551605,125.06108439905519
18,LR.csv,0.06373690282746368,2.2413793103448274,0.010033809333703899,-1.4321130408536218,-3.552154299508966,0.4312744756018594,0.0327342068747245,-0.03134499153912973,18.833506899250928,435.7866976509529
18,GP.csv,0.004636466929370017,4.689655172413793,0.03428105170675369,-0.9068512488491505,-2.49639065270871,-2.513012109475483,0.026795642556818988,-0.10250060475122313,20.036382443007536,733.7250093640831
18,RF.csv,0.0280178844029213,2.0689655172413794,0.02026168143179363,-0.4208863506510012,-1.7060471160847264,0.5486097061335977,0.021928372577150412,-0.10023302383274701,3.8871290084091714,137.55106674106972
18,HINNPerf.csv,-0.019554241981962893,2.2903225806451615,0.014571968311794515,-0.38672167498730436,-1.5854632831815318,0.3868695208089017,0.01291207395632954,-0.06864658238762644,3.596511176700378,138.82105391122778
18,kNN.csv,0.003765316526436191,3.1379310344827585,0.0488966656466248,-1.01879005979263,-2.816572926704155,-2.8287785373858547,0.04501250111987798,-0.23826933676299422,26.681331962832775,858.4251293772312
18,SVR.csv,0.8230044458772192,1.1379310344827587,0.1275090996202831,-1.6236911048015998,-3.6070518280709587,-1.311499256179948,-0.275735991281726,-0.8174348603585425,32.00948945492169,1484.4383843325506
18,DeepPerf.csv,0.06808816854181768,2.9655172413793105,0.016126196525166895,-0.36963132052485226,-1.4894701823581973,0.5786782015417158,0.014142960154012951,-0.0707901318474663,7.6151249502640725,135.77559070165648
19,SPLConqueror.csv,-0.033093713288728135,6.275862068965517,0.004776712279368347,-1.470623053853114,-3.406617860552034,0.6013574053247925,0.014022887534887896,0.03810183388997834,18.81258362858723,1128.6616246739475
19,DT.csv,0.014407117003416875,1.5862068965517242,0.11603878697768005,-0.019797309851316003,-0.12819890874725193,1.201377260679572,0.023354876678746694,-0.21211781190924228,6.274768512166989,653.4886376013988
19,DECART.csv,0.004303726383094952,2.413793103448276,0.17553086138935206,-0.05023133449831674,-0.2746910559118132,1.4049321516852267,0.028597774529126485,-0.19736655250733148,6.257187486656377,635.245833691633
19,DaL.csv,0.057355859589081085,3.0344827586206895,0.01141242185600148,-0.0798532825422249,-0.4182952237654578,0.22395713876344292,-0.0052351090312814375,0.023022418172889303,3.860979193273776,421.5656806260211
19,LR.csv,-0.034342515717954436,6.275862068965517,0.004905700154508082,-1.469216229728429,-3.399581233159637,0.6536121406449551,0.014475977786245875,0.03825081473859737,18.781070784630284,1128.0583225843438
19,GP.csv,0.05681498190658041,4.206896551724138,0.026297622647127105,-0.5926307946018301,-1.1131998697011698,-3.157149940146148,0.015328055127432516,-0.020768921618247282,23.097498849044868,2458.32553673288
19,RF.csv,0.06179614967886368,3.689655172413793,0.011971369314940337,-0.24715809446143244,-0.9821495867425187,0.44322672262140017,0.021205131980541636,-0.000616201802401739,6.122813508328367,587.1282999398055
19,HINNPerf.csv,-0.0008152568527541315,4.172413793103448,0.011197442064101903,-0.0961691327955736,-0.4863434192208711,-0.013240122955730627,0.002044411318920192,0.006613096149254427,3.5597399253797337,397.11131366984836
19,kNN.csv,-0.018305543953094923,5.344827586206897,0.04593244364062038,-0.7614599329480461,-1.992607900274108,-3.1272752711761083,0.03594486057975943,-0.0715415972748139,27.21031092159563,2649.9305615272165
19,SVR.csv,0.7572237428248969,1.0344827586206897,0.11550850349099448,-1.5842725262429673,-3.5704843844096725,-1.1173771626545923,-0.23031167592056856,-0.8020519388258508,27.234412640954755,3964.313340212687
19,DeepPerf.csv,0.0026505632575384713,3.8275862068965516,0.01579514321352719,-0.05254720208222596,-0.2524733242417585,0.16900738061826281,-0.0011385988898677812,0.010247087468823635,7.926597958320733,456.21887809212603
20,SPLConqueror.csv,-0.02389686149733366,6.310344827586207,0.0040341265596465885,-1.4425777919409881,-3.329021050393953,0.5479722454533222,0.01565914372266397,0.03995222669728582,18.70615608765307,1215.836579866409
20,DT.csv,-0.04707773588807247,1.9310344827586208,0.1192846379804357,0.030717908218991896,0.2484396900208674,0.8913286346747133,0.02561016100723712,-0.15695481246968201,6.25210404026426,663.6689581708654
20,DECART.csv,-0.047078674413952915,2.1724137931034484,0.17598453287074867,-0.017449958477475436,-0.03013604081421306,2.4630836643090417,0.032051875143525255,-0.09922050786010139,6.226455850186201,642.0026672995853
20,DaL.csv,0.03188631001496725,3.103448275862069,0.010914290214299089,-0.00881407292325287,0.0025175851384680037,0.1558127616155005,-0.0029680167920795864,0.02054475792793231,3.720878936025695,423.1738971959448
20,LR.csv,-0.03233470473249976,6.379310344827586,0.003988918092100613,-1.4455459033805824,-3.330194039227247,0.5962514884842465,0.016855003261710966,0.03988234249922229,18.82651949825894,1211.3173097571178
20,GP.csv,0.12112076868345464,3.7586206896551726,0.026293645767594232,-0.5890840046652077,-1.0400406612535316,-3.1542482321550116,0.01616215561915002,-0.018393187377718,22.767084237495048,2519.158726929554
20,RF.csv,0.06794394091980657,3.103448275862069,0.011066868792266756,-0.16386956897765015,-0.47354615677789935,0.4462469728504139,0.023600119236933725,0.004682466588734613,6.1916052528700884,612.5396167452164
20,HINNPerf.csv,0.02261121695383464,3.7586206896551726,0.009235925856654923,-0.03810187576602608,-0.14461542752723622,-0.24740178490970832,0.0014953462681533969,0.01346867444551636,3.5432080111308264,404.7159438962917
20,kNN.csv,-0.04376049664229535,5.137931034482759,0.04495344074719393,-0.7583724556993364,-1.9450652368628443,-3.1535116960550686,0.03700666143743414,-0.08553403751278621,26.448907006191188,2691.5816012839205
20,SVR.csv,0.8444120466739284,1.4827586206896552,0.11466489770308175,-1.4489360121340722,-3.4411955307452216,-1.332721333036588,-0.22404523283208244,-0.7993955623946114,26.90773193374113,4003.781467918941
20,DeepPerf.csv,-0.006501337784624882,3.2758620689655173,0.011640451224256259,-0.005583895091774815,0.06845489437213992,0.47116092536211607,0.0025558518662904817,0.01398874881797385,6.513101315077752,482.82689960329566
21,SPLConqueror.csv,-0.018628589225923302,6.275862068965517,0.005180874288139532,-1.5256450127344061,-3.5349120227480526,0.6394681204023831,0.01977099661552184,0.03875660208902265,18.627685966554374,1188.7627855648238
21,DT.csv,-0.022668109043069817,1.4482758620689655,0.11692450372030622,0.047943473959572325,0.20205953410274002,1.231408861039215,0.028521520049434534,-0.1532958749369555,6.300241363748125,682.508103304956
21,DECART.csv,-0.05607995071660349,1.8275862068965518,0.19415384416230466,0.0057517702324074715,-0.010748635397064277,2.062322182894877,0.031535383901589276,-0.15368723894561387,6.116692038357037,647.7896437068249
21,DaL.csv,0.0461977672113659,3.5172413793103448,0.00983876977929669,0.01267558869780916,0.02357667911588779,0.0904450107902317,0.006179326801112106,0.017110704356309347,3.6991401080771307,421.15692378249776
21,LR.csv,-0.02863829036377912,6.275862068965517,0.005063352001901108,-1.527455555091378,-3.546250389439383,0.6010277794925427,0.02018743506661891,0.03866302693820822,18.521150378153383,1183.8587238799553
21,GP.csv,0.08515334679233783,3.9655172413793105,0.027467112715060724,-0.6110981855294124,-1.2352152368124452,-3.130468927834756,0.017349660815655255,-0.019462710870709277,22.270642739023675,2450.467649840915
21,RF.csv,0.02845037609955013,3.6206896551724137,0.011575806497845138,-0.10179651064666251,-0.2861428899722638,0.4304090117150956,0.024754550374083806,0.00046438278134763866,5.9296071005492355,611.5044199845214
21,HINNPerf.csv,0.025400999129057023,4.517241379310345,0.009001781789501066,-0.009198352499452112,-0.11401753663744607,-0.17270829212701866,0.003491081239750393,0.013429769311029904,3.5131966640031247,413.3704761085791
21,kNN.csv,-0.007588290037875381,4.931034482758621,0.04319216789320732,-0.775062520842688,-2.1129641854588344,-3.117831303933942,0.03690705667517269,-0.12884731371170433,25.30084603736121,2608.281233697366
21,SVR.csv,0.8223126997314345,1.3103448275862069,0.110016486407267,-1.598320758237911,-3.963845891803128,-1.5659815250209688,-0.2105172498297122,-0.7977185539058501,25.612472227740938,3947.1386676985694
21,DeepPerf.csv,0.004703218740820775,3.7586206896551726,0.017632503834962118,0.014110666796790294,-7.924725330710203e-05,0.3926305800942611,0.003170040582000544,0.015047525868797873,5.290949924442648,478.90586751512024
22,SPLConqueror.csv,-0.008189220595487483,5.862068965517241,0.03435537118914132,0.07443579027089942,1.0496005470539567,-0.9477057089808443,-0.12307598779188766,-0.02500802268423996,8.995714324646677,924.3005934046262
22,DT.csv,-0.00802436607752146,1.3448275862068966,0.18304350994156993,1.6654473348223482,13.65791464567954,-1.5567880468220792,0.007869144585008758,-0.27250098327428673,3.4418878705097917,441.48202673743293
22,DECART.csv,-0.022254403724837515,1.896551724137931,0.2903407545853955,1.6732292553706867,13.774886246811842,-1.0971270396506019,0.010015715584783313,-0.2021401740626776,3.1460176640706154,407.44415836058147
22,DaL.csv,0.0630952854017617,3.206896551724138,0.044928188307838055,1.6780023406774702,14.069685868505207,-1.571024687586518,-0.026957206914370202,-0.05985490613851285,2.411267652957965,353.9340251999516
22,LR.csv,-0.011976525264901713,5.655172413793103,0.03536631784590914,0.12443153472006574,1.222302513463982,-0.8667662595927608,-0.11677354691848563,-0.024188782693102096,9.01243749188469,922.849195191685
22,GP.csv,0.1177530451446405,3.4482758620689653,0.06683729788497805,-0.733707412395763,2.2178430882113496,-3.376257462833034,0.004600220605858074,-0.11709302159082935,17.684564039038218,1790.2006939727573
22,RF.csv,0.06979110114301654,2.5517241379310347,0.04659730336093908,1.6927983869967245,14.116033087265617,-1.6121739160623947,-0.027264393953392085,-0.0759546130978298,3.5343189088197855,417.16624280621943
22,HINNPerf.csv,0.05144208861096343,2.6551724137931036,0.03693539130276752,1.6496876541563907,13.324625333626553,-1.5087069038117407,-0.0407565250458658,-0.049310125234611535,1.8941929474218346,286.66161719872997
22,kNN.csv,0.06644963608716414,5.655172413793103,0.08053773122305016,-0.07200974720748077,1.5136854015135208,-3.4573515265670918,0.03787770666640289,-0.15317639408256012,13.402384357040345,1652.0107834310056
22,SVR.csv,0.6389065374456915,1.2758620689655173,0.08586099721259319,-1.390519226273096,-3.332814350575138,-1.6850897675251,-0.18405156989569182,-0.7886819483616402,11.829675255188228,2126.2271312809007
22,DeepPerf.csv,0.03215836865572444,2.8275862068965516,0.04338017623966234,1.6329685406069252,13.36383878382096,-1.5915295468361585,-0.026277094430160797,-0.05807758230479776,29.57527194444973,372.1764575797305
23,SPLConqueror.csv,-0.026350382485661558,6.310344827586207,0.004868436990578821,-1.4023622906860633,-3.2210687254590114,0.6483962950612616,0.01345453369898042,0.03864404646314834,17.8832839213285,1189.1850431392784
23,DT.csv,-0.045871178556550346,1.6206896551724137,0.11511007427667394,0.09607029249203625,0.7257108149199794,0.7245229602458867,0.02268072708464819,-0.20147847080291925,6.375924786717222,683.1313268552756
23,DECART.csv,-0.06689834382206132,1.1379310344827587,0.19236234589647502,0.06786120580486044,0.5839327142386743,2.016821629158808,0.031291979208205256,-0.13503538939012394,6.556665250034503,677.1847536331584
23,DaL.csv,0.049292756930799236,2.793103448275862,0.012538915965555179,0.04798337530855212,0.4497497711180971,0.47366520153667135,0.0012421197814992402,0.013700333710057078,3.5792890201294276,404.29467996674987
23,LR.csv,-0.021448210587756172,6.310344827586207,0.004862704196128161,-1.406165263852269,-3.242598170518575,0.6526741029735161,0.009133179939998515,0.038860059954630044,17.774230724384076,1186.8094820420213
23,GP.csv,0.055973554696238464,3.7586206896551726,0.026845104517164677,-0.5865327861403011,-0.9306166039929686,-3.1119430685886122,0.015039354204560818,-0.014019749415378646,22.503714289741083,2515.7014532633925
23,RF.csv,0.03770941681469622,4.068965517241379,0.012346867351458245,-0.09103197448488953,0.07506221691598647,0.18634680509015933,0.023358942152672868,0.0021851288161308657,6.0844619493911045,608.7415627597672
23,HINNPerf.csv,0.04096016995193301,3.6206896551724137,0.01226660822914907,0.00931826264689306,0.1973397723293333,-0.15599178879867281,0.005802556598426323,0.012025302705567786,3.7208352746283864,432.22870410181446
23,kNN.csv,0.02001273250737963,5.137931034482759,0.0450983220480501,-0.698062539404196,-1.8114455686087285,-3.1504227493343873,0.03525895763007669,-0.061096317112918075,25.52203423555325,2656.752199959871
23,SVR.csv,0.7457424816437725,1.4482758620689655,0.11685571018689841,-1.4505185727400633,-3.77403762890021,-1.4102340359735157,-0.2328266664773988,-0.7992593743916748,26.032842507674992,3969.7346862728236
23,DeepPerf.csv,0.017566471826594918,3.8275862068965516,0.013321442408069584,0.04018703715886307,0.43216472417594876,0.19697536662008464,0.004895070356403797,0.01729704018670919,7.230841005742606,478.1303035514662
24,SPLConqueror.csv,-0.020364651546861727,6.206896551724138,0.004670655582031235,-1.4296153708824588,-3.30518711427744,0.634764694931663,0.008839913071663985,0.038173660328910564,19.07975784584775,1191.4640553787945
24,DT.csv,-0.020324116613979676,1.4482758620689655,0.11712515152607916,0.03640721281874448,0.13102198514953223,0.7366882514332111,0.023769817325328013,-0.16907735570173754,6.48265903579379,665.6491501132226
24,DECART.csv,-0.027777150073010425,1.896551724137931,0.18855577038124013,-0.018603211303982237,-0.16510095260807578,1.8354831885201355,0.029854088685626223,-0.12807944079137157,6.425971842581124,648.2422908246625
24,DaL.csv,0.03543727779030288,3.0689655172413794,0.011885377398180522,-0.030171267018791026,-0.19827424006308103,0.20686965778702682,-0.0016956414655545649,0.004647556743381798,3.8581342713029527,420.9633187147075
24,LR.csv,-0.02464477350374763,6.172413793103448,0.0048139754432976155,-1.4256997965577596,-3.2986011692078687,0.5541017331755631,0.007917078828756918,0.03817411122561443,19.119787477547792,1192.4759509272797
24,GP.csv,0.05300794860950275,4.310344827586207,0.026343485002732345,-0.5641903528344665,-1.0576164311982084,-3.1222276241374605,0.011900084011535306,-0.021268141495694226,22.947554377262573,2474.7189440192624
24,RF.csv,0.05008351925460035,3.6206896551724137,0.011389490678198864,-0.09686957867740342,-0.3060273530401427,0.4126693224984237,0.01984119821440633,0.007076085429982726,6.031379351124312,593.5164387880873
24,HINNPerf.csv,0.0157368217479235,3.4482758620689653,0.010068081557322892,-0.04586631756055981,-0.3087771746209027,-0.2514511218431257,0.0030397450125065895,0.013674002497048865,3.48663519523709,387.46006822025396
24,kNN.csv,0.012389762501063092,6.586206896551724,0.04623628174650511,-0.7420176133377154,-1.9751496972572509,-3.061486931619261,0.03408867764583834,-0.10157100945153552,26.600734324849128,2640.439751196721
24,SVR.csv,0.7621869029003983,1.6206896551724137,0.10403718179523389,-1.561525922017872,-3.5655247174959546,-1.3716001820710337,-0.20361557834265365,-0.7922423613450578,26.710065421284554,3948.8500644939377
24,DeepPerf.csv,0.01728735123806474,2.6666666666666665,0.01417371784973363,0.00934208086449928,-0.0002378298282015301,0.36664368275685355,0.002893890272458677,0.02132810790300277,6.618638619148209,441.74118592407865
25,SPLConqueror.csv,-0.022674421077530024,6.206896551724138,0.004316679481808909,-1.4271916841592007,-3.3041689568348014,0.6736560277736068,0.012809386592681382,0.039806642722772456,18.73847926262157,1206.469591654517
25,DT.csv,-0.025919238663234194,2.6206896551724137,0.11698748272325604,0.02164068282386511,0.12177176765693387,0.898141552516444,0.028539464880158127,-0.16310692679070593,6.2684463865041264,657.337393618825
25,DECART.csv,-0.025081497400299517,2.413793103448276,0.17744533147832792,0.005778939412485196,0.03231324682713499,1.8110218372297817,0.03339578776671415,-0.12003676054351531,6.210066666128065,642.8760751138689
25,DaL.csv,0.036768669554147454,3.1724137931034484,0.010515890594050236,-0.0028047388141245744,0.03200984979814292,0.3723753325387795,-0.0007025461360773422,0.01426278480485521,3.7492216238687015,427.74614315261243
25,LR.csv,-0.021493694815074058,6.241379310344827,0.004053905264197941,-1.4210603294859943,-3.2858176219086555,0.6765252074666463,0.013798369868653237,0.04058401991955529,18.752050180073404,1207.480495371783
25,GP.csv,0.0882600131165718,3.6551724137931036,0.025906548264231857,-0.5612860536982118,-0.940071086832361,-3.1729767628797307,0.018081255437168764,-0.019759787349100555,22.60166512812609,2490.7225867154916
25,RF.csv,0.06789533035513581,3.3793103448275863,0.011295736659218219,-0.16619047144317278,-0.5068513502544731,0.2712134114014395,0.023289612146501715,0.0047941569346880986,6.149307454979419,604.441062285966
25,HINNPerf.csv,0.013994685971167237,4.689655172413793,0.00829785015507602,-0.03931956728376096,-0.2084177893793453,-0.03312365610012158,-0.002153997074600511,0.014918666014879234,3.5915780573567258,412.8310926886606
25,kNN.csv,-0.03470432654775924,6.758620689655173,0.044241407383344866,-0.6988239604004877,-1.8007131322994163,-3.183570800265518,0.03796174547141207,-0.0740901697090588,26.943183627881105,2694.6143491675994
25,SVR.csv,0.8634390046230811,1.5172413793103448,0.11270680595249688,-1.5905293094310848,-3.707118648399026,-1.168671231321861,-0.2207575685061115,-0.7949830484835645,26.64195824644151,4010.2083488737444
25,DeepPerf.csv,0.009064040763976267,2.933333333333333,0.013738500855618906,0.007226255083196298,0.06000548530721561,0.5575289975324313,-0.0009165108089213003,0.016028149367978806,7.059135967250851,465.61658745766425
26,SPLConqueror.csv,-0.018069415470529808,6.241379310344827,0.004170102308597538,-1.4428739831771267,-3.3511076895041776,0.5445878511208715,0.011428389207706613,0.0404367021511729,18.334080641441297,1205.9269720765687
26,DT.csv,-0.010766604339932609,2.103448275862069,0.11207636396907808,-0.10264969104619626,-0.5347535035621114,0.8911196500967202,0.026383254394355182,-0.20521820415791348,6.44589852001615,678.7546340327518
26,DECART.csv,-0.03578911183874195,2.5517241379310347,0.16528322404892343,-0.13238208633074477,-0.7285155194596977,1.3776334361423093,0.029774788223950188,-0.12501338239153093,6.239893501980976,650.9969503898283
26,DaL.csv,0.008968586233341,3.0689655172413794,0.011576699229809872,-0.13345500056325,-0.6704298886825666,0.24634328164202302,-0.0009116280067292815,0.01279252283522081,3.5607863709462375,415.3938205415232
26,LR.csv,-0.026329483891455986,6.241379310344827,0.004229018420470819,-1.4415531965218062,-3.3575928862194697,0.6647007687648854,0.010082001460546386,0.039911837521133586,18.30326232860649,1208.9632644014825
26,GP.csv,0.11802534582295107,4.275862068965517,0.024176330583281298,-0.5937415285223526,-1.050050702675179,-3.1037533814683216,0.01753521150361781,-0.012708772126457601,22.675486438586294,2498.737113503292
26,RF.csv,0.06462386816751264,3.8620689655172415,0.01103242657726625,-0.33000729048964916,-1.3403480960324303,0.2606624328320253,0.02075060348302027,0.002018674039435009,6.015724146732225,599.7798136567548
26,HINNPerf.csv,0.011686454647359013,4.482758620689655,0.011068898456044956,-0.1877653250086786,-0.9541596369925187,-0.41057324314645616,-0.00011340781936930444,0.007704247920471419,3.5981823704430087,415.8526283599719
26,kNN.csv,-0.0034336100492074334,5.793103448275862,0.04391042253169325,-0.7788509819152533,-2.079922155551232,-3.1660491789956327,0.03551358819888495,-0.07602613768442035,26.302829099920547,2681.544881452366
26,SVR.csv,0.6886706812767003,2.4482758620689653,0.10931291776930754,-1.2585285793554586,-3.5862339109831964,-2.0241795547870525,-0.22279662478168316,-0.7908152437937936,26.68990266143665,4032.664800989791
26,DeepPerf.csv,0.017242083782503775,4.1,0.013048199262073474,-0.11781683412724919,-0.5600097769853596,0.5637847100664652,-0.004002725220351833,0.00020110005870010994,6.749374750294951,506.5335991104603
27,SPLConqueror.csv,-0.03122471485380349,6.310344827586207,0.004736582718213766,-1.4460855638232835,-3.3268507226446453,0.6552307909925599,0.009073321572033999,0.03853619701746447,19.12358391444146,1194.3994381861437
27,DT.csv,-0.05712693802819733,2.0344827586206895,0.1160187221971028,0.015645708888829546,-0.00904633652804554,0.8835703174164617,0.022407548945041267,-0.18829995227858554,6.552015659280629,668.6843351391636
27,DECART.csv,-0.04526925511008461,2.0,0.1893268312348532,0.009709382260076893,-0.014505859083243422,1.985741422412528,0.027067967688463757,-0.10456580788230552,6.406692521735408,647.9475535299681
27,DaL.csv,0.034066227575887134,2.5517241379310347,0.010761749685852143,0.01367873852752921,-0.0031899787770210963,0.3757595459821177,-0.0027914118529513976,0.010072642006043186,3.762374163622644,415.43143864476735
27,LR.csv,-0.03405855951038598,6.310344827586207,0.004911432948958735,-1.4438460982979646,-3.3311721248497315,0.7004348573120236,0.009015855744156087,0.03823528053616854,19.147002719999897,1197.62611574512
27,GP.csv,0.018627527413092607,3.9310344827586206,0.02667025428641968,-0.5716205458374279,-1.0583497062218132,-3.120600303859482,0.012560647326893104,-0.01720445318886621,23.007858303343056,2481.5216986269957
27,RF.csv,0.05471172190668262,3.0,0.01150987936166262,-0.11937511252617883,-0.34207909086667687,0.47885443655898463,0.02089833303591393,0.0021142770787963006,6.240468869300771,607.6606844956573
27,HINNPerf.csv,0.026257756771272484,4.0344827586206895,0.008738073244770935,-0.051055297604649,-0.32851949391602275,-0.06677335952782926,0.0020370918008314476,0.015984149920189927,3.5605513817978642,393.63046980250516
27,kNN.csv,-0.006930742543330308,5.137931034482759,0.04449637863073133,-0.7554431321059902,-2.0144764487053957,-3.0714291957750275,0.033176740911011415,-0.09624753321905066,26.652043463046617,2650.1241350646374
27,SVR.csv,0.8292501925051856,2.310344827586207,0.10598633190845655,-1.5218310329313725,-3.8474178477446985,-1.7175954168662058,-0.21241251404001804,-0.7989085514091838,26.687392848394552,3944.3793619399785
27,DeepPerf.csv,0.00510560911621169,3.2333333333333334,0.018928497567106847,0.016732369044752726,0.05359336597029918,0.5361331649592396,-0.002717304558606637,0.00719266015794473,6.802474175589407,495.702549182599
28,SPLConqueror.csv,-0.02969467802044248,6.241379310344827,0.0053012629716032746,-1.4426249128660946,-3.353712766672726,0.6617122071943857,0.011132377597092402,0.038095056881504386,19.06705090901648,1183.5667985209388
28,DT.csv,-0.02146879219788988,1.3103448275862069,0.11761530545161014,-0.05649628458314204,-0.2361743144276529,1.3948699064027306,0.02324097887403398,-0.19023367200801844,6.396350905977949,649.048138275002
28,DECART.csv,-0.02780401543588961,1.6896551724137931,0.19676226563735266,-0.07276233170646806,-0.3147348353441255,1.909758840202925,0.028361313652386144,-0.1512218091947779,6.519849308498935,650.5762117694269
28,DaL.csv,0.024153258115525184,2.896551724137931,0.0133959687359281,-0.08475625589672187,-0.4255820357049407,0.14869776407770008,-0.0024926733996987194,0.015494754500929298,3.709531848747179,403.9234155989337
28,LR.csv,-0.033917384522619776,6.275862068965517,0.00487416978502948,-1.4425506479364358,-3.3500464798928693,0.5881793326396743,0.012107122422370664,0.03882038861021542,18.91124053323684,1180.999856680139
28,GP.csv,0.08573267152375688,3.4482758620689653,0.026289023455451133,-0.6140307028069805,-1.2465841686208559,-3.0845410551428163,0.014939745993205245,-0.011986448112385584,22.891912692906434,2454.5042021383324
28,RF.csv,0.037581707353768895,3.1724137931034484,0.011782187098068716,-0.23547502300589285,-0.8459493539991862,0.17250476901539002,0.02243888672682448,0.004064311845605739,6.299524105105606,604.1686215495743
28,HINNPerf.csv,0.04531410746234048,4.620689655172414,0.009635255576298438,-0.10755818020397778,-0.5334991328771777,-0.10852444042472609,0.0017419302353592903,0.009985981986360914,3.6607177531863915,405.73595895319175
28,kNN.csv,0.007164994122411422,6.068965517241379,0.04544802250954004,-0.769057182886654,-2.089426700582541,-3.0666273383314477,0.03503310806709681,-0.05586829873095278,27.435948567525305,2651.80169404076
28,SVR.csv,0.7541432775500514,1.4827586206896552,0.11179651908419536,-1.4940284955951117,-3.7872029030809022,-1.5759359638060522,-0.21990897363126538,-0.8006304076012398,27.221777206986015,3944.6213833233005
28,DeepPerf.csv,0.002557717334152082,3.2666666666666666,0.014497907375918166,-0.07750057125587273,-0.3426335776254943,0.3042191227041213,-0.0012200164116825674,0.014309053028449537,8.287448783159986,457.4056996397895
29,SPLConqueror.csv,-0.04227651295420384,6.241379310344827,0.004269328887441453,-1.44270150093089,-3.33141436882216,0.6434800650013353,0.012007660476007986,0.04181526580367656,19.146134471234056,1252.805825163797
29,DT.csv,-0.05089658327713803,1.7241379310344827,0.11661332190743309,0.011532540261568025,0.06810363343314751,0.8376113142511343,0.023616911775083405,-0.15723212942896492,6.906642652241368,745.2937645981348
29,DECART.csv,-0.06489163023209032,2.0689655172413794,0.20781677722833464,-0.029141494578937,-0.12231312077736645,2.4872280961790745,0.03257952814269882,-0.1461662645209687,6.792066299482832,722.5619448644371
29,DaL.csv,0.010217933973021523,3.1379310344827585,0.013089176389433025,-0.04187433379632055,-0.2348446316622015,0.4285408802088275,-0.0005455751559706457,0.022745246092541915,3.897712859329869,454.4539173129136
29,LR.csv,-0.03801314211972766,6.379310344827586,0.00425578073459662,-1.444436772039317,-3.336184217327639,0.7119850185364909,0.011234487126499548,0.04181331030893598,19.107619711985905,1253.4296037978181
29,GP.csv,0.05486917824131739,4.551724137931035,0.027198222762050594,-0.5944325784324274,-1.1442767216478185,-3.176323334748316,0.015264751796757015,-0.012826206805352292,22.873466188530422,2629.624995258146
29,RF.csv,0.04304205754164771,2.896551724137931,0.011617846990483276,-0.19605139237832825,-0.6856599323907471,0.28050842163194734,0.02030857901470895,0.005836596031291941,6.274944125466279,647.7601462116654
29,HINNPerf.csv,0.03648505168303798,4.103448275862069,0.010563800699154639,-0.06925476921839269,-0.36169107641928644,-0.012643507679103827,0.0011245055484312427,0.012955121784550938,3.6281696190412065,428.40351276506965
29,kNN.csv,0.023039728852171648,4.758620689655173,0.044962560772206284,-0.7432450013518541,-2.001498452246379,-3.1735553536443297,0.03655189725049679,-0.08161549317446815,26.490850973633655,2797.700994976345
29,SVR.csv,0.784341226296148,1.103448275862069,0.11645887296500196,-1.4343032288685769,-3.5965279558072685,-1.0282108823367042,-0.2300149401743421,-0.8032737412323383,26.937479551209496,4196.258225083592
29,DeepPerf.csv,0.004007447428955133,3.2333333333333334,0.011705368057860963,-0.020015895362223146,-0.08885676949562038,0.45309261367765963,0.0022860617619868684,0.016124661327682976,6.162068653447798,487.58867148619623
30,SPLConqueror.csv,-0.03488497574815433,6.172413793103448,0.004683998280619935,-1.4476069021038793,-3.3241061918435344,0.84203314970076,0.013251215237148006,0.03965738215801817,19.083599362953162,1210.105180325275
30,DT.csv,-0.017153135053416084,1.6896551724137931,0.11372682200150286,0.027783642842673872,0.17197564839642432,1.1643351185772532,0.025625577302404556,-0.18656909634925756,6.203997391893688,653.4996581109641
30,DECART.csv,-0.0070381619255590125,1.896551724137931,0.1721333365416762,-0.007960269244078111,-0.016655781361816224,1.776173811231109,0.030805186500000192,-0.14262174150133378,6.202006064970542,639.0305694006486
30,DaL.csv,0.038280670287817065,3.8275862068965516,0.010886034922082868,-0.022349940466091622,-0.11604549879855686,0.34166755161151485,0.00047217061371118696,0.01218422564150079,3.695223249543881,420.48558980096965
30,LR.csv,-0.03278899305342844,6.275862068965517,0.00732586810283763,-1.4432236469153177,-3.3158346225984277,0.7854699883181917,0.014288194228368023,0.03902142653643781,19.0580514237885,1211.0582285061994
30,GP.csv,0.09412379001999072,3.9310344827586206,0.02568898251416688,-0.5707767935808354,-0.9732940275133937,-3.0884780429442027,0.017822086200945275,-0.017381591149307707,23.06498380323157,2531.5089964850417
30,RF.csv,0.03987496822983887,2.4827586206896552,0.010846477512980134,-0.15256398028950668,-0.4651572486762614,0.292780123097363,0.02518286871520581,0.006420031026061146,6.052971781257795,598.0203918443924
30,HINNPerf.csv,0.017172682949305143,4.9655172413793105,0.008820573061076312,-0.03256879781064792,-0.14873933816096807,-0.356715903179162,-0.0015296221012159883,0.016144259324345267,3.7786449204755845,437.1350376925598
30,kNN.csv,0.00041228020425940204,5.689655172413793,0.044447671016523374,-0.7209652226448396,-1.9233744188002158,-3.1020214378273043,0.03693527248643025,-0.07253843505770252,26.681066667442305,2695.065696379933
30,SVR.csv,0.7748708906020483,1.2758620689655173,0.11005645954261428,-1.5433777284404793,-3.4678386028771935,-1.042640560713564,-0.23297846268539268,-0.7940037125998084,26.83674776084036,3994.2921540704574
30,DeepPerf.csv,-0.021231329668748203,3.8,0.014795531337428117,0.011300448772583627,0.12752111211094563,0.6018761884549315,-0.003908786281713428,0.010642842506362493,8.012122857942842,481.2168305473616
31,SPLConqueror.csv,-0.03951724989272052,1.8620689655172413,0.120823175241729,-1.2773762522855299,-2.9702334416952727,-0.6532059462789666,0.07496041056998837,-0.11550824921041714,18.304956498947195,161.3382407241975
31,DT.csv,-0.03850823173314062,1.103448275862069,0.26967672774009116,-0.3879944491073619,-1.9852282265367296,-0.30162279182284557,0.035902715432772236,-0.2516326531256675,2.0002533164331933,48.12463819903519
31,DECART.csv,-0.04436343118289508,0.8620689655172413,0.4497612968544977,-0.3868917967781904,-1.9851576055772866,1.677282970491797,0.0366670883430823,-0.20215277664108322,1.8036808151848343,44.21579417545113
31,DaL.csv,-0.01221629952658048,1.2413793103448276,0.13051884554129428,-0.40326576803439074,-2.045188843730261,-0.5201846967552082,0.034696980547786915,-0.16853273776658384,1.7473901847408235,42.560705139658154
31,LR.csv,-0.04277256875517648,1.5862068965517242,0.12141873238543696,-1.2784757197555583,-2.9736500620197193,-0.7993629953066184,0.0763146969491112,-0.11830302876779342,18.372488226839824,161.9799416353999
31,GP.csv,0.010971766473363828,3.310344827586207,0.1172260100937331,-1.1264491857461185,-2.9146994733711793,-2.3631150189824544,0.09530212716330311,-0.179379015353054,18.424573065035865,383.13298791018997
31,RF.csv,-0.03629001006584319,1.3448275862068966,0.1485523158527706,-0.4060041709151119,-2.0782079013932497,-0.29312597118093997,0.036653361734723444,-0.18048144988790593,2.0592201664657157,48.46409385980585
31,HINNPerf.csv,-0.018681895753893313,1.206896551724138,0.12755297096562873,-0.40320340248511544,-2.048763566601884,-0.46346650640026077,0.03537703007921267,-0.16706978457382227,1.6613002465483346,41.463176701804535
31,kNN.csv,-0.027640237378744985,2.6206896551724137,0.13331796411672156,-1.1200615958544409,-3.152561058001554,-2.9972594979493383,0.08176658691135341,-0.2870520877602346,28.284392015589994,552.2861056518373
31,SVR.csv,0.6811733500164627,1.206896551724138,0.17933070903959686,-1.3367461496506534,-3.556942950098086,-2.187960945921361,-0.2666940441056955,-0.816071396954952,28.70809263312991,956.6150556845929
31,DeepPerf.csv,0.004005640763187088,1.3,0.1386462153624286,-0.3945384436822914,-2.0090021566578486,-0.4904097548937685,0.03596499837358669,-0.16413783910713298,10.105924485082872,47.537869890616
32,SPLConqueror.csv,0.4217757914968471,6.068965517241379,0.5321147560001912,-1.4788921651352809,-3.3474952300879837,-3.4428364027214293,0.06336296305468714,0.05041195038160595,20.41386205130071,32.11973767717369
32,DT.csv,0.256937273756523,2.892857142857143,0.5923878074674459,-0.023713685955006447,-0.1267784492693793,-3.209846253251208,0.028567139286383658,0.018788638389604206,9.923355211310213,23.62007011393514
32,DECART.csv,0.2774223547865568,2.8620689655172415,0.6370438865269522,-0.10500603059985103,-0.5385878542691187,-2.9521393681316006,0.04015506314284012,0.0061272275088872785,10.162798787016238,24.179818066426908
32,DaL.csv,0.3566989610898604,3.033333333333333,0.5320971267779924,-0.1080869132790534,-0.7489399386378681,-3.468630842284217,-0.0053047338100180585,0.04343951160859272,3.4129990869622464,9.288854805725972
32,LR.csv,0.41070978736481456,6.0,0.533853150606569,-1.458676497482501,-3.32829444646387,-3.3039244329226554,0.05948254376344986,0.05017965824990367,20.45751730756405,31.971592424646566
32,GP.csv,0.3774845066320294,3.814814814814815,0.5301089422744704,-0.3841859005759978,-1.4537529436657537,-3.4506115955665693,0.0195550246510936,0.042690410344662144,7.362007333383422,18.878095887298343
32,RF.csv,0.2885912418164384,2.4482758620689653,0.5344418133304218,-0.4060808696261329,-1.6633079032875808,-3.503116377431388,0.028623905267816108,0.045397309359111904,8.040418337367523,18.41358155278189
32,HINNPerf.csv,0.30553085622698484,3.9655172413793105,0.5340187119976524,-0.0994435235389779,-0.5810015289526387,-3.2652883535125374,0.0010194032679755605,0.044879218250410746,3.0993702620098587,9.176644806431138
32,kNN.csv,0.29934530504994367,4.571428571428571,0.5377208486593831,-0.58484997604953,-1.8374444399751886,-3.2918526692362047,0.050049351605090386,0.03689808133171091,18.87313398828615,43.10308939526731
32,SVR.csv,0.43795060536289887,7.0,0.534324704925816,-1.4307384158341696,-3.831952983203962,-3.4746989278295706,0.03563286990919334,0.050054610850780556,15.285053581531187,35.00153374233129
32,DeepPerf.csv,0.443209964603045,2.9285714285714284,0.5349820230677966,-0.10703618399421333,-0.6504305151058216,-3.3601641511709186,-0.003128947862025444,0.04700678622443877,15.862034409893628,11.994193689745838
None1,SPLConqueror.csv,-0.03586696651965609,6.275862068965517,0.0046540964282349336,-1.4468067244363838,-3.351370430165269,0.8461511239736295,0.01142901548019859,0.04115315256535956,19.02400618894439,1263.2689877362118
None1,DT.csv,-0.013632308229885162,1.2758620689655173,0.11521244290327654,-0.01968897990104046,-0.09148120679977634,1.1176644715405022,0.0258213815099958,-0.1857596316363983,6.763657503457754,735.1432825548566
None1,DECART.csv,-0.029354189829720517,1.896551724137931,0.17935481773189238,-0.030606526692496194,-0.160517520210667,1.4215790708553184,0.029206070725984468,-0.13696926192732917,6.381171994111971,685.1319861050144
None1,DaL.csv,0.011587441114301572,3.566666666666667,0.010817422120410067,-0.05118029184805262,-0.27417985134770406,0.29649359099047334,-0.0018006996621205973,0.019357896578257705,3.7337658661642505,442.01927026035935
None1,LR.csv,-0.033459268249748875,6.310344827586207,0.0047109986701832605,-1.4473447311404162,-3.351191292404798,0.850541444034568,0.011145259034577304,0.04117797684977487,19.04923187423655,1263.7175372709687
None1,GP.csv,0.08629303545772393,4.379310344827586,0.02509554944053124,-0.5839595176441208,-1.0759216396668219,-3.0848647274852294,0.01530799194524779,-0.013816512754095345,22.830987586743973,2623.1312111506713
None1,RF.csv,0.04661258153373812,3.2758620689655173,0.01149049435374178,-0.20697033056593805,-0.7267767005244488,0.36041137459954165,0.0225971206553508,0.00508111547073864,6.4377727473411035,660.8363897966152
None1,HINNPerf.csv,0.026367505176946915,2.793103448275862,0.008244356932117846,-0.07847216463851892,-0.40786771162001667,0.2937503671565347,0.0027317839882226025,0.01777713041213802,3.577558177840487,424.23979146683143
None1,kNN.csv,0.051822565239988225,5.413793103448276,0.043702582557636066,-0.7423216025981247,-1.9359475275073201,-3.1629866563080578,0.03421867225158359,-0.07697717557214012,26.877030691939932,2814.55462073301
None1,SVR.csv,0.8148293701999263,1.3448275862068966,0.11209365811839408,-1.5858837607428504,-3.5970374053217213,-1.318607342512851,-0.21448927937263274,-0.7973372833178737,26.814819533156996,4190.6546765513995
None1,DeepPerf.csv,-0.01651274849685442,3.4285714285714284,0.012918856753669303,-0.02881649173806311,-0.14103482419003432,0.5844826470949682,0.0017228005294737114,0.007525726526033449,6.500481955153448,488.89825946880404
