7,SPLConqueror.csv,0.2721920255628145,8.8,-0.04708284383307737,-6.575160566836532,-130.81953686555138,0.5603652103871692,0.08345740074280494,-0.05884274701362474,62.6482788974697,12778.002054167828
7,DT.csv,0.2563626504227433,16.96551724137931,0.19678666926096944,-0.33808399887217444,-20.927845501080455,3.2457384588658496,0.0292606366898448,-0.3765101686462249,8.92281918150754,3547.631417656558
7,DECART.csv,0.2424094621041689,11.761904761904763,0.236698392357719,-1.3059981640511085,-44.13721347923715,4.010164887511573,-0.005169407971885032,-0.41109619128187347,9.56457717629232,3652.6782142757766
7,DaL.csv,0.3017031182255248,27.75,-0.04287280522986034,-2.06414578288968,-58.50278172227816,1.759488298311312,-0.006720807402849638,-0.10386798060224495,10.709334524897853,5975.720331667486
7,LR.csv,0.28005277569957826,7.695652173913044,-0.0586741580917943,-6.554920155908319,-130.78819451091073,0.8040732032262883,0.08725781142750899,-0.05800267581368901,60.98052134610781,12548.765926085638
7,GP.csv,0.29017526386602416,10.0625,0.12332729826434247,-0.7645708036953387,-10.527591253385367,-0.1352114342699755,-0.001973242614793258,-0.4961063542906741,64.79233434194275,23909.950115546744
7,RF.csv,0.25959471469243545,24.416666666666668,-0.12291521714360762,-3.348213338817324,-90.34595788253966,0.9705573912415384,-0.0070281612687377315,-0.05453991865626612,8.672784040578664,3367.506586134576
7,HINNPerf.csv,0.2282523088889622,25.923076923076923,-0.07696836349889916,-2.4209853656599805,-70.47508538489978,-0.4262797934456666,0.010050583612348563,-0.05745912331244418,8.592642703281799,4411.169404594895
7,kNN.csv,0.30122189233034025,17.916666666666668,0.24382401059150055,-5.21088752102095,-118.80668710883631,4.6768080959561615,-0.13759447263462454,-0.4822972458970183,63.74286562489791,19773.26094994972
7,SVR.csv,0.8732310843353577,12.76,0.444681947615621,-6.694541174625854,-131.86199077578277,1.4002337872012631,-0.6760186790804039,-0.48849363904081206,43.79739325489017,28327.429426693096
7,DeepPerf.csv,0.23508400363210286,24.529411764705884,-0.10233744848537898,-1.4338052886798502,-38.940849720143746,0.8054153849676806,0.006535016275798666,-0.053483672871525556,99.80213735742159,5722.365693063133
8,SPLConqueror.csv,0.28821961104773464,23.5,-0.048322969085245304,-6.579067815168809,-130.8640227289444,-0.5447848909921282,0.08248655789449477,-0.048945173981202794,61.173032567484995,14312.765597787748
8,DT.csv,0.26940155219705497,20.47826086956522,0.2253824143457241,-0.2824849419702815,-22.24236970110941,1.4971392702780812,-2.330339906142509e-05,-0.444516119709116,6.8727584984740036,3820.5623445865426
8,DECART.csv,0.20648778842455462,20.666666666666668,0.28985249850822953,-2.665823803899312,-83.74265657288868,7.852134647394865,-0.08174478621387893,-0.4753678146780296,6.780032537187066,3862.8516002688925
8,DaL.csv,0.19904511335583414,29.333333333333332,-0.05514735050948236,-2.896303749680369,-81.11757606946406,-0.32826034140277005,-0.012087745757873192,-0.0963218657431944,10.020914423353,6751.39225618625
8,LR.csv,0.2722904881350727,22.2,0.016435926927958977,-6.60627422669673,-130.91954426475857,-0.15536107432093615,0.07996981446048712,-0.05692361022245496,63.08676120890827,14295.754018831643
8,GP.csv,0.20776090758936333,11.333333333333334,0.11590974599803949,-0.2548121681721689,8.611806469091249,1.1979217574451175,-0.0344066808095147,-0.4878321079552171,69.00953474504534,29079.35473548196
8,RF.csv,0.2990861389913074,25.8,-0.10443946856707467,-3.3151759909550815,-90.05919820725461,0.28027068685364687,-0.0024640575570145096,-0.04909962801338563,7.608015242991476,3819.328650453767
8,HINNPerf.csv,0.20200355403177855,28.9,-0.07937950722267431,-2.5984974572498425,-75.26991531409185,-0.3153259319001165,0.014855765814256627,-0.04579013391896852,7.844488135138592,5119.12521449669
8,kNN.csv,0.28751320139332165,22.357142857142858,0.2797951078239898,-5.659853786141598,-123.67027329834406,4.695632494594982,-0.16481914100547612,-0.4837833080426078,65.28608718949172,22671.7651802655
8,SVR.csv,0.8558966637899077,10.05,0.46425299865573694,-6.774534164392252,-132.06084807954193,1.715609962623122,-0.6786909891784794,-0.48901051650599064,44.41441618523517,33078.462413970905
8,DeepPerf.csv,0.2540043029620981,27.571428571428573,-0.08142193969815734,-2.133256231569187,-65.08545104664374,-0.004887217432941071,0.006367221622170516,-0.04465467003515877,99.79365900010951,5740.645395836132
9,SPLConqueror.csv,0.28415117377549093,11.0,-0.040463900504894124,-6.811102407853741,-131.06655239346742,0.6436022265474823,0.0892797616089025,-0.059339362715983335,74.5795173826086,15371.65783341167
9,DT.csv,0.26120892687728103,12.4,0.21262132197041034,-0.48563964092433753,-27.51448772996524,1.8589664731520747,0.030804148372321483,-0.3633952326663462,10.369617079186469,3807.578917942298
9,DECART.csv,0.2422211748428736,14.0,0.2433241961507308,-0.7705798501016234,-37.64683954826637,4.45694518808364,0.003864492028253008,-0.38793510391195685,10.54079924792122,3893.2526695796823
9,DaL.csv,0.28679606729192747,28.727272727272727,0.028023723701187775,-1.3722944341531305,-46.83046396266231,0.419390158748689,-0.0135032551190446,-0.09194180255290246,11.86530510220453,6202.173532742567
9,LR.csv,0.2731399411372445,7.9,-0.0335703839593669,-6.784465230170482,-131.01498515599442,0.9307703882029228,0.09295623193387981,-0.06162844263873296,72.27484790294437,15047.688418869517
9,GP.csv,0.24386159708449748,8.4,0.12533251519897204,-1.5355505518012889,-43.97513703865009,0.07541570685490617,-0.02121170666190586,-0.49541978069912107,67.22544310156087,26520.449084706528
9,RF.csv,0.2544386373605423,24.636363636363637,-0.08798851366613827,-2.617936724403962,-74.20803876741192,0.31194069747453024,-0.005049598028149527,-0.059630114461212635,10.696728264360917,3691.802930207776
9,HINNPerf.csv,0.22793699600405756,22.75,-0.0490300376590892,-1.684593982082606,-61.37657430520133,-0.6212772193421676,0.019492361808136738,-0.06119687054851641,9.987181394227663,5016.918143699329
9,kNN.csv,0.3359104510315326,23.0,0.2559375454671828,-5.036756061647511,-116.41534271661897,1.102516782339874,-0.14644495108005973,-0.4819398150503781,65.98849728722364,21409.58461727841
9,SVR.csv,0.9107405192841963,12.565217391304348,0.44088003163407025,-6.737095095017164,-132.00939923564843,1.5738999519142556,-0.6732261649763763,-0.48790793051867765,43.588106909031474,30482.068302344258
9,DeepPerf.csv,0.18853222830723335,27.4,-0.04752335091481111,-1.5146417907672705,-49.53181037171744,2.8303136763573224,0.010660975506845305,-0.05964179571438899,99.76608950626209,5514.0882566023265
10,SPLConqueror.csv,0.26179434378695404,5.0,-0.05252994114342263,-6.784118649103155,-131.02894564353213,1.2032530431439812,0.08580004114183915,-0.05441677425978003,72.12747849923763,15123.476315524595
10,DT.csv,0.24989500608193022,15.15,0.21431721992285924,0.10594756985886011,-16.52101733461177,2.721954949994502,0.03132081294938249,-0.3658983876725024,10.103575067392763,3788.1916952765882
10,DECART.csv,0.23911531861265972,7.75,0.25189806195371106,-0.5334444610237732,-29.144595260400948,10.489242648460825,-0.000489950002656725,-0.3949866331212977,10.240872544083112,3835.5861856283755
10,DaL.csv,0.29617473048264137,25.357142857142858,0.022815426693826968,-1.9985277929690675,-64.68467261252533,2.227790307149088,-0.005887871915056353,-0.09619612788131776,12.333429591100451,6365.293311380142
10,LR.csv,0.2752969314688382,5.428571428571429,-0.028088754552433787,-6.798710697517411,-131.0400583722698,1.216342303480581,0.08548374157313021,-0.05933849013473985,72.65962061786375,15184.16250100741
10,GP.csv,0.28590848899776466,10.6,0.12967209577114547,-0.6782114100234597,-10.934253123818266,-0.22788819056487108,-0.02138395940150939,-0.4967275475744766,67.27057453585817,26449.64990794582
10,RF.csv,0.25267453799944345,26.285714285714285,-0.08218948048092983,-3.444680239961764,-93.2463973198192,0.2404244935013955,-0.007528851339880793,-0.05553549006503944,9.917103914178849,3651.736232748796
10,HINNPerf.csv,0.19940221141063413,24.666666666666668,-0.02603377771891202,-2.71500261201479,-83.72802108859906,-1.0867658803391091,0.020965534958580334,-0.06069529403325463,10.271706946590529,5258.7861853004315
10,kNN.csv,0.28263070703077314,18.285714285714285,0.25666832766537634,-5.315089945030659,-119.67832869736348,2.98991218309477,-0.14596907444677,-0.4824092551660569,65.53332899411934,21405.857496843702
10,SVR.csv,0.795616776420156,15.518518518518519,0.44098870884932523,-6.734265799063963,-131.99795413055324,2.0856769462254583,-0.6709133048938547,-0.48790848870035713,43.622878480632785,30475.673012501866
10,DeepPerf.csv,0.2572440477710617,24.454545454545453,-0.025253613442904166,-1.1907962325038932,-42.77848871117321,0.7276083637515265,0.012923248358895911,-0.062358746863590886,99.79800976985474,5555.682828670418
11,SPLConqueror.csv,0.2360430439978425,12.571428571428571,-0.043842871596946775,-6.561733445904916,-130.77618953753824,0.6292141713497055,0.07853071945264245,-0.06767145349997317,62.18973172131799,13291.705241391184
11,DT.csv,0.2614024324899259,18.814814814814813,0.20184104632580524,-0.04689567188586885,-13.907106330417605,3.6626336151255385,0.02728528023262733,-0.3722413648225701,8.657548880668879,3582.316093266938
11,DECART.csv,0.2735560313762221,16.105263157894736,0.23214853122396167,-0.895751096676972,-35.06380208585752,6.796405170011185,0.0026523055443228305,-0.3967637837398683,9.669865137460961,3768.1167016409686
11,DaL.csv,0.21582667059420033,27.5,-0.04803278675539541,-2.164603480262267,-64.04422392608065,1.2547035299035099,-0.00660134641489063,-0.11038870744914903,11.051147522191116,6212.194336372726
11,LR.csv,0.2511995777940874,6.5,-0.013124676849782024,-6.572296659806416,-130.78332389598253,0.8450427569718848,0.07961249028349471,-0.0699725625136216,62.52036248728917,13086.701583070271
11,GP.csv,0.29056059728051997,12.857142857142858,0.1265878365377594,-0.9255964115071862,-17.347594932044217,0.16623369519646247,-0.012381808666138805,-0.49484985838207557,65.98822508918686,25255.589451266052
11,RF.csv,0.2638263800553036,24.75,-0.12156097633372975,-3.12624693924536,-84.23341845521409,1.241802942604208,-0.003240340600191738,-0.059965810894752725,8.46149184915502,3396.275055711021
11,HINNPerf.csv,0.23995230857880778,27.666666666666668,-0.08828553253651897,-1.707477024656428,-51.72111392149854,0.40160103356432386,0.0186855320600271,-0.0636329921360172,8.67422406830808,4563.86735463996
11,kNN.csv,0.26537477805422915,18.153846153846153,0.244006110597688,-5.04093967657683,-113.7265627418671,2.5592448890010786,-0.1352557040367678,-0.48263523818678505,63.06202766940373,20350.9883679992
11,SVR.csv,0.848189225469429,12.962962962962964,0.45051815334989104,-6.705640835067476,-131.91759622029736,1.4568758635575614,-0.6720101024310648,-0.4878876260746923,43.804998725073865,29357.045710674087
11,DeepPerf.csv,0.1783725221368856,25.88888888888889,-0.09227916956261306,-1.5885171249640013,-50.0580444738936,-0.23300901554921505,0.015252938855546128,-0.061027790823891925,99.81665265338899,5762.293883390072
12,SPLConqueror.csv,0.19257845960740697,24.655172413793103,0.20131277871239978,-7.114601368819645,-132.52829527204065,-0.5500912241117786,0.08903923654904222,-0.39162116376036116,58.600707717982836,559.9080866646323
12,DT.csv,0.21714268386775357,15.448275862068966,0.3669368250962874,-4.64525287959302,-109.02786884424205,0.8435515190635436,0.07922498428193547,-0.45470062186963134,5.281364678651858,82.81090936832469
12,DECART.csv,0.3182614506790906,19.0,0.4205910820386128,-4.81768513191454,-111.36107035077264,0.4084587472295096,0.07231125736247745,-0.46908579229793446,5.0506072500424475,76.82992065913945
12,DaL.csv,0.32956731030345204,26.448275862068964,0.21370215924337332,-4.90174580710697,-112.45596995614302,-0.6010160515793845,0.013790092826558409,-0.3883401660593939,7.295460415425135,125.45733140067135
12,LR.csv,0.19122104285879782,25.862068965517242,0.2024647469760556,-7.1141556726304165,-132.5332071852808,-0.6599312218238411,0.08922886996469592,-0.3911363027260506,58.01810224040524,554.3297146780592
12,GP.csv,0.3690468549502321,23.620689655172413,0.3956215977542064,-5.6558533119659264,-121.24692870476318,-0.2761687119991758,0.01848858857851232,-0.400658390056268,23.054758473181522,311.7684009765029
12,RF.csv,0.41626655693018033,20.96551724137931,0.18302623614297653,-5.095875442091535,-114.70664420577559,-0.05532629267298583,0.007784983086657871,-0.39696698125923574,4.723852383984863,72.39753585596584
12,HINNPerf.csv,0.22969712794258856,25.655172413793103,0.2047915702900624,-5.080697371664332,-114.45890714360524,-0.5786437872320065,0.04265413862612166,-0.39036616281210307,6.616327823283752,110.12155935306683
12,kNN.csv,0.2619713981230082,24.724137931034484,0.2537006334575937,-6.362840800824151,-128.1795528151391,-0.5891873377673453,-0.01156456803928474,-0.4645364623809173,19.62064094468831,270.21555538602377
12,SVR.csv,0.7010860312765095,23.103448275862068,0.6299365199391316,-7.409201219669028,-133.32229527221594,nan,-0.6244817083637907,-0.504480591704455,62.94540224521778,1302.714411046689
12,DeepPerf.csv,0.3028609902399387,22.666666666666668,0.20003391593140096,-5.000280718459969,-114.1475028315987,-0.6585839499467561,0.028002237813208875,-0.38517131917270236,99.71194706696092,131.86391592920356
13,SPLConqueror.csv,0.26242600036354113,22.896551724137932,0.11483641524543037,-6.959804669816831,-131.9330403964733,-0.21167085908719074,0.08677233701015752,-0.3029383616537936,66.16188673629294,1221.5014185527784
13,DT.csv,0.2450691355135817,18.862068965517242,0.3099957701763348,-2.714091993782451,-73.44081380275895,-0.44985733650210813,0.07727679116260089,-0.43287895446430447,4.909775136587033,206.03650789974273
13,DECART.csv,0.2249290538432383,17.310344827586206,0.3544975891568252,-2.9097299693988914,-76.78050268361639,-0.2089650632234099,0.054224050043031435,-0.45268114593583886,4.919141881099449,203.88320770085704
13,DaL.csv,0.4054340754005143,22.413793103448278,0.14444500508782404,-3.7344448639989247,-92.40852245683611,-0.9133280958567117,-0.006523699191118171,-0.315962689034158,6.504988390275628,297.36602186543445
13,LR.csv,0.25083927140471024,23.137931034482758,0.11293769384713032,-6.957035890561269,-131.9288786445725,-0.12129502343879817,0.08606396237488223,-0.30211147599365185,65.7110579138246,1204.4824944301247
13,GP.csv,0.2911637918166833,28.310344827586206,0.35080519386585746,-4.701341373582111,-107.92802473518105,0.17766005588089873,0.00974485883558407,-0.36064272350964854,27.304004463026498,885.1585912598249
13,RF.csv,0.20393107498048585,20.724137931034484,0.09156590904470152,-3.8987228975616652,-94.32070556676797,-0.6721019327787423,-0.012231230426848594,-0.305560947403269,4.566457637067182,188.95869426100603
13,HINNPerf.csv,0.2524436772883947,17.20689655172414,0.12310059880572705,-3.6101949748674427,-89.29476776331634,-0.7107309754442794,0.031369052829267274,-0.311071044197998,6.212754809772968,287.1242651972233
13,kNN.csv,0.38100850857729707,23.310344827586206,0.1631969836401564,-5.783948609473429,-123.05763210456674,-1.0252036745297692,0.006113495369299948,-0.444215979260995,24.12728530543905,773.2749366101664
13,SVR.csv,1.0099534221921544,24.655172413793103,0.6078948893487954,-7.050180981173799,-132.55305927206012,0.4035467449881749,-0.6684997196823033,-0.5029554334883144,59.18803130614331,3148.325028889362
13,DeepPerf.csv,0.25679935647431934,20.6,0.1226389815343707,-3.2842259175585147,-83.59498697537342,-0.6001519235024941,0.017254577471609966,-0.3043851723331018,99.78282813392698,337.6631652704135
14,SPLConqueror.csv,0.28924869198231584,16.96551724137931,0.13607679320561766,-6.577743271117407,-130.5442970294537,-0.5013408945555635,0.09027317566065896,-0.34140919015062465,59.499630189613775,750.6938412989819
14,DT.csv,0.13681851340587187,8.0,0.2838238873089924,-3.2068942775795923,-88.52586116576146,0.5882037490250911,0.07511692302833739,-0.44169171432826737,3.702885312077255,144.03657908541084
14,DECART.csv,0.12672413089969914,4.655172413793103,0.32668006213876716,-3.4255861452605103,-93.61075886212147,8.612692268773586,0.06439831233515037,-0.4602508791315901,3.5781620880389116,139.64713239773496
14,DaL.csv,0.2927425633606647,14.689655172413794,0.1388916471878301,-3.795023085684819,-99.62632249682464,0.03055030549408433,0.012582285170313456,-0.35515395363721863,4.293583423877216,180.31680318948935
14,LR.csv,0.21915721302446944,18.275862068965516,0.1376039340025087,-6.569385278399451,-130.54650475111063,-0.5828544103634874,0.08767148786132384,-0.3404126891410564,58.34818360465845,737.7921643225112
14,GP.csv,0.3138447215912554,28.413793103448278,0.3420265340665129,-4.810622072225371,-113.59825506530954,-0.26536434621508254,0.025951166415567495,-0.3635463732275261,21.95201642769363,536.4138997520196
14,RF.csv,0.11555403956187238,4.586206896551724,0.09564626360418699,-4.028272504533467,-103.70968856229035,-0.04676458819827656,0.00995157404511593,-0.34619787993866236,3.377035894965371,130.8012318868409
14,HINNPerf.csv,0.32704364354075327,15.586206896551724,0.11132859208932389,-3.6101873264357414,-95.52641383669453,-0.7991367628608941,0.027134551658934303,-0.3456842353803273,4.016186770301441,171.80150103789794
14,kNN.csv,0.32225214540125746,12.793103448275861,0.14115753244239893,-5.518566529889954,-122.65094139269661,0.3372827668653462,0.007111715883069469,-0.4562584905545645,19.17304846161817,455.0218402169715
14,SVR.csv,0.7861513235952242,20.06896551724138,0.5974736197060679,-6.775504157663778,-132.04069682514256,0.7144533929314856,-0.6648345670579578,-0.5040856765903193,46.31794079580784,1780.236359130434
14,DeepPerf.csv,0.3669953127187501,15.966666666666667,0.11329476340609423,-3.609375258416116,-96.17256819869434,-0.21952153891015347,0.028079655667545778,-0.3434244653986802,99.70220823469454,197.8332884064703
15,SPLConqueror.csv,0.2995320020563529,30.0,0.17938063125066933,-6.850380961764287,-131.03383978187992,-0.4413668999554228,0.08423595896871139,-0.3310276735449809,101.46479981724505,1280.4568589331495
15,DT.csv,0.31644987992391277,18.310344827586206,0.2978175204968349,2.2025322805642498,2.8073890413521383,-0.21285335881312673,0.07908500911104044,-0.4383764959988966,4.756534811889254,172.41848582984943
15,DECART.csv,0.37453707594905306,19.586206896551722,0.320114469172826,2.132654290414563,2.839586311987034,-0.10006167156105916,0.07374330305575794,-0.4469368192310859,4.306518740707821,172.26595034824933
15,DaL.csv,0.48932892793459465,24.96551724137931,0.16720704564238054,2.156094534672918,3.3438884239740503,-0.6224771062276881,0.00745803780095633,-0.3507377213923954,6.8286815834585965,296.1150333896056
15,LR.csv,0.3137443526733694,29.724137931034484,0.17143464634306327,-6.848239228736947,-131.06529841804627,-0.381038449156903,0.08365102928249724,-0.33068466798167806,98.11307391134939,1262.73484167399
15,GP.csv,0.3648041148226975,23.03448275862069,0.3555449993761937,-0.8037549304399159,-46.49950973875495,0.2720404772740943,0.017582760943781528,-0.3642880431161015,26.287500697624143,657.877368259518
15,RF.csv,0.4201760598373387,26.689655172413794,0.09611271207419647,1.5606610187287808,-9.332557541303245,-0.5300583178674041,-0.0011001068062328478,-0.32283860336286313,4.537606419922727,159.17768793941357
15,HINNPerf.csv,0.2183321270891511,22.896551724137932,0.12328570826674695,2.1100214990804185,4.435338382054141,-0.8728619459015574,0.04056574414859315,-0.3245198885943258,5.232631880765161,231.38214172025627
15,kNN.csv,0.4580604201392289,26.448275862068964,0.15569281508829752,-2.6006834090979334,-81.96574086950992,-0.5834284831242447,0.005210576792049837,-0.45307673034607454,23.11586499879933,540.1427131363271
15,SVR.csv,1.1562769017544343,19.896551724137932,0.6192124150548426,-6.61320527855557,-131.6333706164052,nan,-0.6686581292963572,-0.5027343227471717,51.53955085964412,2187.4598192032195
15,DeepPerf.csv,0.4233258583273256,26.033333333333335,0.12539943587925534,2.152085330528238,5.057859314701801,-0.3399171087792321,0.029109933888663786,-0.32824369620256644,99.85944917311897,273.8480490975326
16,SPLConqueror.csv,0.33231638144875614,22.862068965517242,0.09769732715679136,-6.772634375917845,-131.74077236387703,-0.44563654547390463,0.08947435679199,-0.3082184244144468,52.87250232484168,1340.6730169020889
16,DT.csv,0.14180372078147954,22.137931034482758,0.3069600926410862,-5.454556633430155,-121.56734269161392,0.39332778991615114,0.0780545774510657,-0.43385266615064033,4.82609948917607,223.06075941994914
16,DECART.csv,0.1645558104707082,21.93103448275862,0.36834681380994755,-5.671942737936375,-124.13175922746001,1.512554091271446,0.0412742683416879,-0.4574779617448678,5.033039010486366,224.26591839030266
16,DaL.csv,0.2980739302278756,21.482758620689655,0.1256312889797629,-5.6806003248285375,-124.37881066129361,-0.4356448689866861,-0.003303204661845305,-0.31174112580426183,6.365739089814317,342.2733295732628
16,LR.csv,0.24299897391348368,21.93103448275862,0.09246795793900975,-6.767173943028176,-131.7319465477934,-0.6026434946628705,0.08993679535900545,-0.30896020010432307,52.30465098079735,1321.4539637134055
16,GP.csv,0.3326155133406821,25.75862068965517,0.35438282931877657,-5.927323752518776,-126.76441220517263,-0.2303287523578943,0.01359054414768468,-0.40061529500576204,27.497055778287333,1069.8657480576358
16,RF.csv,0.12600265482566153,26.75862068965517,0.07271467489709676,-6.06476550590906,-127.99113581602647,0.4392780194081618,-0.01119363996569045,-0.3041797211673204,4.611171271882424,204.39144786115102
16,HINNPerf.csv,0.27746191747778987,18.586206896551722,0.10378506302706864,-5.818161320111782,-125.82546035519258,-0.3958657451918268,0.023826828782290477,-0.30706965518036833,5.718733417077394,296.94949838260277
16,kNN.csv,0.2725401215722431,20.344827586206897,0.16013571681896277,-6.34521096731911,-129.9502078476983,2.754292461996373,0.016261207431716884,-0.4473454421425975,23.301289694323728,959.8832771453691
16,SVR.csv,1.1826282582437093,19.24137931034483,0.6260810228370235,-7.283939567806564,-132.64390608358937,nan,-0.6716445584903843,-0.5028540887548267,55.416931064381544,4089.203187792361
16,DeepPerf.csv,0.3136852370032512,20.833333333333332,0.10450129739211927,-5.667827357430802,-123.89589983169327,-0.2584832266495978,0.007429802170425548,-0.3029095842097676,99.58233433266507,350.62016825689403
17,SPLConqueror.csv,0.33568469166811193,13.529411764705882,-0.10491827794117622,-5.271605524782897,-124.86302331067078,0.19517448655645153,0.0847839700048918,0.05934610070503654,45.368543619218286,13709.990783517535
17,DT.csv,0.1825395871148863,14.03448275862069,0.05672826034315448,0.3805324045141125,-13.932326935733101,0.5858467641769167,0.05973688069758731,-0.35799373524639777,4.258304426792954,3865.7208746339575
17,DECART.csv,0.2148950258736112,10.96551724137931,0.08467598854578462,-0.4411499027902348,-38.9489860044104,1.232317290280888,0.05158233554504865,-0.4042002628968616,4.3361349314791475,3846.823533715106
17,DaL.csv,0.3189165335030827,25.413793103448278,-0.11571329011031625,-1.1126622773866073,-53.107609698554015,-0.4087132820909185,0.043768146765529314,0.025973348539644503,6.752481734588641,6118.572266556411
17,LR.csv,0.3361400598858707,12.72,-0.11037485736009753,-5.284658625461206,-124.92210868695958,0.33687135130957047,0.08521967847648448,0.058721462605148766,44.89871317519077,13406.977173387462
17,GP.csv,0.2773013698429334,7.7272727272727275,0.001763920556232479,-0.5572377596079203,-23.79401937629501,-0.8655560653750582,-0.004048991500687049,-0.4211873180043631,60.98166595247891,21295.82442204108
17,RF.csv,0.22076166474079342,27.90909090909091,-0.16725798215323706,-1.56642295185363,-72.81431841236466,-0.18353599950574528,0.019314359862842467,0.06702820460554249,4.17724392620773,3712.691600628721
17,HINNPerf.csv,0.1996148501930314,30.19047619047619,-0.14326570118983378,-1.0990983064235866,-62.22747865213671,-0.2726116599897317,0.0452150484906404,0.06604093680533729,3.7503202828595272,4042.226617845029
17,kNN.csv,0.3596510415323676,19.6,0.030653411916825912,-4.017949173824009,-111.35493856789924,-0.29474241743625007,-0.06982763381501667,-0.451137824536207,34.45221997090077,18294.41829813299
17,SVR.csv,1.1056006659707411,14.428571428571429,0.43585399193746194,-5.710682304596894,-128.0318060985697,3.8649771170338765,-0.7150385610874672,-0.5002219265424129,25.646714481754,29441.75042398106
17,DeepPerf.csv,0.2977440150582665,27.545454545454547,-0.13518366221744568,-1.0116854849552066,-59.945829546222555,-0.42492103024481986,0.047779126727672594,0.06731792714197105,99.7000945202671,5455.202003790923
18,SPLConqueror.csv,0.23249309050111305,14.620689655172415,0.23484735457104594,-7.227302546433181,-131.43509982737046,-0.6105482637973605,0.06230060083952904,-0.36955363340842073,173.2920942133203,911.0889058251181
18,DT.csv,0.09639991083983221,3.0689655172413794,0.2583195296007716,-3.2837756640720386,-103.9255541738186,-0.5919937047860799,0.07380503867431931,-0.4467117432852622,6.166717066306858,124.32705669697837
18,DECART.csv,0.0735985133791674,3.5517241379310347,0.29122535802097266,-3.338023200510925,-104.47549743066148,-0.26252333582719234,0.07408044091678723,-0.46347839740212765,5.985180629285581,122.29040732917396
18,DaL.csv,0.1753019621599341,12.586206896551724,0.09671340118496885,-3.334336381538101,-104.55260615071396,-0.3916556863586027,-0.014225227676426644,-0.3731413359931583,7.367677033861629,159.45168815524943
18,LR.csv,0.23453611767438648,14.724137931034482,0.23622619963392838,-7.224011950914507,-131.44107914790874,-0.5271585331154545,0.06130802324450113,-0.3688252962013684,172.96833996929013,908.5486562187841
18,GP.csv,0.3849161525150967,27.413793103448278,0.19712511981271008,-4.025691114140431,-107.49400712670942,-0.22670068390767262,0.006681661875123868,-0.37764903135555905,59.11844209723245,661.0097984019399
18,RF.csv,0.10982172043091518,7.0344827586206895,0.08279267611339158,-3.5149007091000932,-106.39307712853004,-0.6826438869642835,-0.006432342411691883,-0.373806355829573,6.301242170039791,123.16398908748413
18,HINNPerf.csv,0.2637096414474329,17.17241379310345,0.09728768307491759,-3.4031120599674463,-105.43635872254866,-0.43807087560450353,0.04192428533418546,-0.37532989711726616,7.710434011854508,180.2302555946226
18,kNN.csv,0.14148112279607578,11.448275862068966,0.13709340350666438,-4.7055352977316875,-115.56512072378533,0.31489383093972445,-0.028790576367628384,-0.4550570967609642,61.274146259467095,598.622311084313
18,SVR.csv,0.9419375043750573,19.862068965517242,0.6001669739395312,-6.81819367551366,-131.86054156281563,5.141418129485818,-0.6488438698305968,-0.5036603617319427,60.53522028663048,1515.5539345359614
18,DeepPerf.csv,0.3329634871802214,13.966666666666667,0.10274325756429259,-3.3566598730929504,-104.80594128667883,-0.7328916842256403,0.029509499315215293,-0.37175822153601834,99.86098048596499,251.12920228375467
19,SPLConqueror.csv,0.300235639802991,28.20689655172414,0.12505614101855334,-7.093782136769833,-132.1258806035888,-0.5145290556266464,0.08896682694414337,-0.3053391527437733,64.00341745387163,1217.2545933274691
19,DT.csv,0.15772098155365777,21.0,0.30808611700790806,-1.7025525443447718,-53.06941043882787,-0.19057912392394005,0.07827376428857502,-0.4344151122624972,5.216790086299169,204.65777911341672
19,DECART.csv,0.1932644215321816,26.275862068965516,0.3638702240644169,-1.9848980506284652,-59.228403945508546,0.4687086750087779,0.04779761316930098,-0.4564785883442224,5.259332781220144,200.97466514857157
19,DaL.csv,0.2571584270432104,28.689655172413794,0.13958332564037318,-2.3547498457526848,-64.754507291798,-0.24879487764083885,-0.0016734354079260827,-0.31915941461205444,6.4420426353085585,314.6070900484006
19,LR.csv,0.2771524170383721,29.379310344827587,0.1270671215476063,-7.077754437628322,-132.1118518485016,-0.6218618969374574,0.08921973413215623,-0.3042658213182634,62.48087933222283,1197.4442095555069
19,GP.csv,0.34137394957902556,19.79310344827586,0.3511834832515775,-3.962550932558602,-95.52470153377362,0.1636226879217737,0.014681623597780802,-0.3514853038331039,26.576491443357668,869.8064140080069
19,RF.csv,0.24270101926653603,29.24137931034483,0.0888293626352823,-3.0933457161856577,-81.94720008242166,-0.22992319841131614,-0.00783333245185247,-0.30629990876399604,4.6352391009043075,185.62795162615694
19,HINNPerf.csv,0.2465037524476541,27.551724137931036,0.12432240633202885,-2.5811324608228245,-70.56366994704516,-0.26460254481416734,0.035797923494120476,-0.30513010343680197,5.907347874682032,284.4072635942215
19,kNN.csv,0.27736543179403356,27.517241379310345,0.16843936249151953,-5.278769610419955,-116.76646243959159,0.4078969407786974,0.011727167607432865,-0.44613928913306056,23.97910343497827,786.1712101141012
19,SVR.csv,1.161485840714224,24.310344827586206,0.6074078345799274,-7.23934601178629,-132.98353185179204,1.6255767070145202,-0.6749627220110206,-0.5027029997987709,56.8068104617571,3026.4006872888435
19,DeepPerf.csv,0.3731694838124635,28.866666666666667,0.12351788030150118,-2.3011318776749867,-63.680121507853286,-0.4452380655107284,0.014219922805315144,-0.3007664267082161,99.78569118698572,338.02030459043
20,SPLConqueror.csv,0.396438935323448,17.137931034482758,0.16962643123483084,-7.122767588722834,-132.1261179947005,-0.5099330791821852,0.08958661970356163,-0.3206801532061726,80.01995295553384,1331.5956710129153
20,DT.csv,0.10937948638866282,16.689655172413794,0.3160270694178226,2.6971507071622804,19.179760762200317,-0.15837462971415683,0.0784871868306225,-0.4414522438266722,4.558930244823077,179.00490609102195
20,DECART.csv,0.09895232644825563,17.06896551724138,0.3679153654498089,2.667157132262802,21.034350499411744,0.6162226813660487,0.05397163794594184,-0.46224166532676086,4.504616825974336,177.5964041775746
20,DaL.csv,0.2229457843433721,17.517241379310345,0.16673144383405314,2.4858240621741112,19.93438942784934,-0.6401682956766248,0.012060465114449359,-0.33458889644065454,6.741916782624692,319.9025913265981
20,LR.csv,0.40428236298473735,17.448275862068964,0.16443129714455895,-7.122758351607059,-132.14304175660263,-0.6142671513534756,0.08941167749956214,-0.31935899812629764,79.66423001275649,1327.7111566622777
20,GP.csv,0.3631155670374059,27.275862068965516,0.36860357430694063,-0.825142276160105,-38.56160403006665,0.11901149860327487,0.018291231868080904,-0.36968177882226616,26.194334772491615,772.6174165554668
20,RF.csv,0.03426787986980348,19.20689655172414,0.10793000710638395,2.0863992505144884,5.30877479125445,-0.07059667309398643,-0.00346868391520172,-0.3303950703469572,4.312512544086818,163.2514610710745
20,HINNPerf.csv,0.18750076551992842,16.655172413793103,0.14288883275230202,2.391745360484504,16.355087067482117,-0.28330631213503854,0.03654137776958577,-0.32824529492482135,5.556616323453745,255.04446035216364
20,kNN.csv,0.24186761832456793,19.103448275862068,0.17617465112791386,-2.864426546544629,-85.86767527906058,0.9022257436132344,0.011746468340984695,-0.44698479074823405,24.222131940089564,634.7668411725084
20,SVR.csv,1.2000291598506192,23.896551724137932,0.6172503275164554,-7.088262686930507,-132.59781441389157,2.09753847498171,-0.670755793800041,-0.5028437798323119,53.71677897824257,2680.846967938394
20,DeepPerf.csv,0.27625884539251017,20.266666666666666,0.13965220914361448,2.579328687851448,21.36063410291007,-0.4302231164325603,0.02398166814302105,-0.32217647583330244,99.85699726755392,299.41263888601515
21,SPLConqueror.csv,0.35499199007953813,24.103448275862068,0.13405498477810102,-6.715563960544273,-131.24313389526915,-0.42866307187107444,0.08928052234426564,-0.30940412511701676,68.33448528681885,1526.822727393237
21,DT.csv,0.2099858340643595,12.275862068965518,0.33939621321848185,-2.363079327514976,-73.00493613106646,0.5928636521102979,0.07761085468175355,-0.43328179890111673,4.336519832668554,215.48936049772502
21,DECART.csv,0.20675413026217482,11.448275862068966,0.3745378713576141,-2.537631376949081,-76.18365843651942,1.0512604534276118,0.06196253204893165,-0.4492133414968398,4.661077983799705,218.79877422236743
21,DaL.csv,0.25815128276949,20.17241379310345,0.16225268398938303,-2.676138548040015,-77.440255781875,-0.1500697814241787,0.009506903808363387,-0.31250977262227486,5.985308778798283,351.8762582343397
21,LR.csv,0.335451581463198,23.96551724137931,0.13431475193505021,-6.7111510118588065,-131.24631349063262,-0.44185509313843996,0.08752982016180266,-0.3092652495744995,67.33133270928934,1505.007263997658
21,GP.csv,0.3341251678841613,22.517241379310345,0.3725139607719497,-3.984863569351004,-101.81615805493587,0.20943164136474057,0.017528175312808147,-0.380022845214937,27.28710340218104,1080.489902229027
21,RF.csv,0.19172334614585373,12.03448275862069,0.121900553892132,-3.3145334156198345,-90.14226568970628,0.9470643344020122,-0.005004263236033202,-0.30022655896864947,4.308232417062856,197.82263139432274
21,HINNPerf.csv,0.25535819159127165,25.689655172413794,0.14711638086189988,-2.8273326611125906,-79.96402137536579,-0.4117238878136982,0.03156051934605575,-0.30641754735579374,4.913294569520273,284.20593161364326
21,kNN.csv,0.2611605871471796,24.103448275862068,0.19796372080215957,-5.096935741059436,-118.20864315065225,-0.3813388768721979,0.020260662599572488,-0.4523993283933146,24.72652661718659,983.4530017446301
21,SVR.csv,0.8536915946521775,21.551724137931036,0.6336661510180004,-6.709275594523858,-131.4438716083821,0.907490674627305,-0.6746107946735082,-0.5025382265866735,52.70192059990882,3787.0252902079696
21,DeepPerf.csv,0.21687077508444474,23.6,0.14975664409944117,-2.696834677580993,-77.36855381052996,-0.5122602862336252,0.015343873456454271,-0.3011388570548299,99.75124332705141,380.1887767780229
22,SPLConqueror.csv,0.3159568239276547,27.379310344827587,0.116474775987081,-6.678074096087776,-131.53052222071094,-0.050796249058680853,0.08627431701094179,-0.31913801829577054,52.99468499007478,1261.651653675977
22,DT.csv,0.11969746794102618,16.517241379310345,0.3076091212989683,-0.9189896621839857,-25.38553575795723,0.13632132925698603,0.07726866809772359,-0.4396749302020252,4.497299362320699,199.24765426149722
22,DECART.csv,0.1399192006640303,21.517241379310345,0.33641039192695205,-1.3692193142025886,-35.47247335908868,0.23958885910894145,0.0659475434570661,-0.4513919115113897,4.484918717668292,195.5237553332444
22,DaL.csv,0.2630145128675823,29.896551724137932,0.13472190782218685,-2.2233757881845104,-52.77269834062305,-0.6462511903512653,0.01612778527089309,-0.3242259143868873,6.234706262459079,323.7494758580902
22,LR.csv,0.28304932784573134,27.482758620689655,0.09268418355225538,-6.680996028704429,-131.5323699875714,0.10451916316970733,0.0856427470618557,-0.3194610497754111,52.955299813943085,1254.10073968623
22,GP.csv,0.3471914111237257,18.93103448275862,0.3649636284854933,-4.3982828169800765,-100.68361127460797,-0.04151258506303179,0.021418462008674588,-0.3662601084690381,25.13977226559158,842.0443078855836
22,RF.csv,0.11642213141550156,27.82758620689655,0.08924747363426483,-3.0738795582783416,-76.12486992865782,-0.178148492148563,-0.005258152986415521,-0.3202436190312067,4.385076369544388,182.04641012736064
22,HINNPerf.csv,0.22327646286824362,27.79310344827586,0.11222239688411467,-2.304594025922168,-55.54873832688979,-0.6519207314133837,0.026939784706725423,-0.32075897593707353,4.909263342455706,249.81419825020228
22,kNN.csv,0.2795531035879385,27.03448275862069,0.16366660514978293,-5.369380906505944,-116.92664643748833,-0.26810868575189906,0.013736331519218936,-0.44549354457942764,19.791285555736334,667.7283556685029
22,SVR.csv,1.0343582690422182,16.448275862068964,0.623431594651078,-6.56123834595793,-131.34163355039996,2.5018113089544487,-0.6713165087743005,-0.5034549693712076,51.02169565144429,3077.8855125787377
22,DeepPerf.csv,0.2998572895909861,28.933333333333334,0.12068027315971419,-1.937048799343672,-46.42922747873662,-0.563240026348599,0.02101984126676726,-0.31383975605894465,99.78813487358778,309.8570461048415
23,SPLConqueror.csv,0.2791604714208824,21.24137931034483,0.16155926528974718,-7.307923176582659,-132.24624501089775,-0.6424360564565759,0.08160465104852133,-0.3564458295320687,97.79559370273181,761.0316398559974
23,DT.csv,0.06816656373542018,18.75862068965517,0.28456479423469766,-1.4054043541446637,-67.05394791671618,-0.10258348480223045,0.0769778620629602,-0.43837523664431527,4.405110574636353,135.78862803926233
23,DECART.csv,0.043253597671361915,17.24137931034483,0.31101698360911006,-1.4212003261171349,-67.14640570479825,0.42731665306322797,0.074707679860606,-0.44863417701710695,4.235098416718864,132.54256077965954
23,DaL.csv,0.22783896176278487,20.20689655172414,0.16993914287359052,-1.5769182961785422,-68.10254384116884,-0.586743870079192,0.01970306470734362,-0.37262523921394547,5.629489122977766,189.395463578244
23,LR.csv,0.269830771705233,21.517241379310345,0.16664621541530678,-7.312282087607745,-132.24852088988973,-0.593234272341284,0.0811779460105615,-0.35556593950480886,99.26363232225252,764.1467116039744
23,GP.csv,0.347995854651875,26.96551724137931,0.33316894593859997,-3.260909245003739,-93.06467094644864,-0.071208807926747,0.016225234639053343,-0.3698101443256829,25.552055392495088,498.9057004619158
23,RF.csv,0.030174933839892615,22.0,0.10303755383986207,-1.865685498532816,-73.13798844012791,-0.10116359077491577,0.0002633463909373912,-0.34910477544270724,4.552050363318182,129.76674764711072
23,HINNPerf.csv,0.24163066182311219,17.517241379310345,0.13598952919912732,-1.6304434955228801,-69.72226073238205,-0.4864603194829591,0.04552866881027773,-0.35842111623250145,5.91804538764145,199.29929160165884
23,kNN.csv,0.22663834579763406,19.17241379310345,0.15610055773522985,-4.436024906798403,-111.5506875146686,-0.5337796777767674,0.004466117391602076,-0.45500931537558975,22.957224339992386,422.7725271701374
23,SVR.csv,0.508574240045939,19.137931034482758,0.5828044137295374,-6.968367354792105,-132.3587952429181,0.8204806195477705,-0.6554319574502656,-0.5029469771498768,52.392733669129306,1672.249965810297
23,DeepPerf.csv,0.31073864246063787,20.266666666666666,0.1263358231504112,-1.4993198629842643,-66.94829932167163,-0.6649117683072601,0.030080568410514208,-0.3538224979253848,99.78824190654885,226.54262887671794
24,SPLConqueror.csv,0.38846853781409474,17.03448275862069,0.1309353009247084,-6.944156381345707,-131.27257156986857,-0.45892972720364966,0.08778242581757334,-0.3144661960300561,81.81098614590015,1640.1778218346074
24,DT.csv,0.18373947292567028,2.689655172413793,0.3131979899636009,4.1477237029391665,63.74757509002964,0.2801881632489984,0.07748510596364033,-0.44064418613068945,4.557798078865004,216.15791689053466
24,DECART.csv,0.19147755747273507,3.7586206896551726,0.34864046589386016,3.968346863209054,57.13869466243855,2.950616233091945,0.059894499519526856,-0.4549200266845719,4.6284008923327375,212.7850406567115
24,DaL.csv,0.3257004187929818,19.2,0.13798540536319626,3.8981294320300153,61.29461434407236,-0.521026942807141,0.016197475008925877,-0.3142255300525164,6.7193610639369785,372.8013800990002
24,LR.csv,0.3794202165741146,17.344827586206897,0.14267143247826813,-6.946200466188651,-131.29046926891488,-0.5878997321501473,0.08883317673532576,-0.31633520557325845,81.13625974762648,1626.7803629053644
24,GP.csv,0.3579508493609281,21.137931034482758,0.3674214801363466,0.05348203322234113,-22.235728858882652,-0.022110775710349584,0.021102586153597835,-0.35502856385861437,27.80192035009423,986.9967664921744
24,RF.csv,0.1569764080847461,5.551724137931035,0.08649981169672805,3.310159591459022,42.725103695906256,-0.10479361950840427,-0.0043315742721454775,-0.31485620437769424,4.170544349775213,193.72266074891917
24,HINNPerf.csv,0.24491825621769836,18.517241379310345,0.1193527350881996,3.84263227333546,57.142037416654944,-0.4234701842174038,0.03338897612388203,-0.31158900801845396,5.645695330685407,299.4050302489848
24,kNN.csv,0.23584035717294163,19.413793103448278,0.16912726457354882,-2.3454532952316924,-73.92398343499605,5.505533980568647,0.014558200486786244,-0.4484545093733186,25.07521837396564,829.3410038106776
24,SVR.csv,1.1056324245451226,18.344827586206897,0.6316015707428597,-7.318471397092728,-132.92534050325574,0.5334474139101351,-0.6725903189686815,-0.5029904452109386,52.44273142660371,3293.402757266513
24,DeepPerf.csv,0.2620547349997894,15.5,0.11925943211535084,3.889701275763188,61.22967475381779,-0.4667028935932631,0.024784089250588837,-0.3109757333052186,99.85590638853178,342.8038369097485
25,SPLConqueror.csv,0.28770759672030766,23.03448275862069,0.09215833324687028,-6.7261062821622355,-131.53814983788283,0.3084388822395223,0.08731555460313689,-0.32026336160115343,58.015729322069895,1144.3373964640975
25,DT.csv,0.2023825304430196,19.448275862068964,0.2981560956622054,-4.600782587032367,-110.39938874677782,0.10492989353652415,0.0773741586544694,-0.44386268312844457,4.571250519647273,201.56242906945894
25,DECART.csv,0.22825033477114773,20.24137931034483,0.3529876784922135,-4.861608528952923,-114.79571208925228,1.2580685200993604,0.04997713179303742,-0.4607147045240597,4.890536407140888,200.6648196441255
25,DaL.csv,0.2783549094118334,20.666666666666668,0.1190949490088214,-4.88976727373233,-115.00956873142292,-0.44735595549767093,0.005776575043605514,-0.32287323265664025,5.92923876682442,307.0518766231957
25,LR.csv,0.2612994066722235,21.79310344827586,0.09019954431210936,-6.713917525232465,-131.5315563593092,-0.05365313116073778,0.08768908158459121,-0.32108155961110085,56.18746543483967,1117.4702132689702
25,GP.csv,0.32714126449834147,26.896551724137932,0.3435549162855735,-5.519297369498161,-122.70494967526147,0.14349198000767793,0.018051862571390354,-0.35761247332515383,25.739493148810986,878.6281761020542
25,RF.csv,0.24146407786101157,23.24137931034483,0.07081533053701772,-5.188068539703709,-118.52545043176082,-0.12418661369454487,-0.006666114827273417,-0.3163340418435233,4.25429372554195,184.55559256431118
25,HINNPerf.csv,0.22307184626457627,20.551724137931036,0.10369263564652886,-4.896598914090131,-114.93017045963467,-0.29208409787592826,0.02389231245373702,-0.317522502685516,5.008086340654802,247.7539309213509
25,kNN.csv,0.30775483330544207,17.586206896551722,0.15033778042969032,-6.077953323133932,-127.83861315666219,1.5695977119993427,0.00901841580743623,-0.4531228971657027,22.531089499407315,772.904935442989
25,SVR.csv,1.1487347762643858,20.0,0.6122435155512447,-6.806363113660232,-132.20431320167,1.0343322188115176,-0.6693149308565245,-0.5029900075970182,52.06098453947164,3227.2695273583313
25,DeepPerf.csv,0.3769909123661816,21.266666666666666,0.09879926106321868,-4.819531571317354,-113.44639610662992,-0.5669949697940264,0.015368865133080445,-0.3146387433614028,99.67911373860869,316.87785644998775
26,SPLConqueror.csv,0.3716333212356524,19.344827586206897,0.11275873094911959,-6.814157575833996,-131.75107330609006,0.27015445689454576,0.08753584312454321,-0.319924795362491,55.22961911113944,1096.2649479838399
26,DT.csv,0.1266566953105235,1.3793103448275863,0.2976605876857446,-3.941985172485574,-89.6135542728554,0.40814900661352804,0.07730989273479338,-0.4370127520876163,4.2172539547470995,182.06017379522604
26,DECART.csv,0.10469517986896901,2.103448275862069,0.3482096513692691,-4.303422078218121,-98.64675467339484,1.603832669383478,0.056457904819103955,-0.4556255054560041,4.306453922582141,178.8645115120926
26,DaL.csv,0.3496226939475365,12.966666666666667,0.1176165724347859,-4.88674010743904,-112.81012914047444,-0.38175860635547854,0.01120968835349978,-0.3281289369667464,5.753484904081186,276.1599947797362
26,LR.csv,0.3644681524787832,19.20689655172414,0.11147489392934107,-6.812106025316215,-131.750674191243,0.17673393795015513,0.08622621673774922,-0.3191938483495022,54.612194458082925,1076.9595552375463
26,GP.csv,0.33510967625593635,21.379310344827587,0.3562353625405889,-5.716967204182605,-123.13772059617557,-0.2710841856270958,0.019362439724709968,-0.3666302729069787,25.12399303021894,786.9077679258895
26,RF.csv,0.05378194829378635,4.206896551724138,0.08564607511089378,-5.147707080308946,-115.93619511103819,0.1674207616399166,-0.003914952858013576,-0.32119533723672766,3.92670768651638,168.0228693575831
26,HINNPerf.csv,0.20605996388619152,17.344827586206897,0.11446251253538925,-4.957273082136956,-113.21952205314011,-0.3570857136480601,0.02747970462688254,-0.3196380944369739,4.814314476143677,239.0987935375793
26,kNN.csv,0.24559771275448122,12.551724137931034,0.1553203883626157,-6.324315669594384,-129.02342091729457,-0.2632772381459323,0.011864677957373337,-0.45022557943400565,21.61899835684807,674.2504182971195
26,SVR.csv,1.1444544770970966,17.862068965517242,0.6057054361500931,-6.905711977551246,-132.23820114630436,4.319421410221804,-0.6714027584789097,-0.5029384511796429,53.95862628676399,2769.393560987751
26,DeepPerf.csv,0.29364634728698685,14.966666666666667,0.1117763081760969,-4.8486320029981975,-111.3684617186808,-0.1999396740479118,0.019319342297015596,-0.3185185412078416,99.73474100186782,282.96474967832586
27,SPLConqueror.csv,0.3128099280590234,15.586206896551724,0.11540985606861365,-7.102796310937638,-132.38347884926802,0.1473757365380568,0.09176537580171962,-0.32253190385936714,59.62603951673205,1175.5120904328405
27,DT.csv,0.17379770349259357,15.96551724137931,0.3069479614372525,-2.425876533106285,-61.5583709895307,0.60650198657283,0.07798991491584306,-0.4376472420299851,4.961959812781829,202.2814660039442
27,DECART.csv,0.18991379608304795,11.724137931034482,0.3483157809069091,-2.625701188397528,-65.73316059470775,3.354663030229468,0.05610807186589084,-0.4523898676819571,5.230413271664147,200.99496518864947
27,DaL.csv,0.3002944401792785,17.266666666666666,0.14097382536234732,-3.009066521157413,-71.35115271447847,-0.5897678906854666,0.0029874772634436164,-0.3261166258425185,6.378508392475069,300.3877789975091
27,LR.csv,0.2875224342443174,15.241379310344827,0.11718102852983842,-7.097558487208524,-132.37913809303757,0.17020006876401905,0.09132498151383472,-0.32316037460138386,58.78028986861368,1162.1231258540558
27,GP.csv,0.3150651378298176,26.896551724137932,0.3613974996510207,-4.842288730624661,-108.5664723564096,-0.3161308078974454,0.019694454311614096,-0.38050185802342923,25.432740620326236,776.3462909363163
27,RF.csv,0.20377340222844725,15.310344827586206,0.08825662992540245,-3.7551849100894694,-88.63904127350817,-0.07180735137833039,-0.007949223046535225,-0.3139461322555789,4.626441824640421,185.65759315415676
27,HINNPerf.csv,0.2718402474372285,17.258064516129032,0.11335797351584537,-3.2340831270705994,-76.51527647660777,-0.20451737982716134,0.02674864316016312,-0.3160744979195572,5.573357407782991,254.2656858101592
27,kNN.csv,0.3080096641254362,16.862068965517242,0.15943190587733724,-5.896103648239039,-123.55578298140196,1.8759078663833388,0.008248325659613198,-0.451887859009065,23.01551940726559,706.7515494889885
27,SVR.csv,1.1025400397030216,18.551724137931036,0.6212252136065162,-6.843183216898003,-132.1182416569052,nan,-0.6711144908830305,-0.5029659866320162,52.87951626847158,2486.7826383193865
27,DeepPerf.csv,0.27297271145493945,19.466666666666665,0.12262692957840077,-3.018583167460304,-72.6298185927759,-0.2254519880951278,0.02232649708404999,-0.3182083144822067,99.77766286530785,291.14220146733504
28,SPLConqueror.csv,0.4299651858502746,21.482758620689655,0.12187232561266337,-6.8492179498442445,-131.38481498575348,-0.04686280696609435,0.08818508634311228,-0.33323958250642627,62.87271048010179,852.7338918013436
28,DT.csv,0.1596057544947656,21.310344827586206,0.28769916008764723,-3.791181482931046,-101.16170546332253,0.3000064749135236,0.07804608439341709,-0.43413360734029605,4.264491194035001,159.33268378213594
28,DECART.csv,0.18406957926552758,19.379310344827587,0.3284856698912005,-3.9531847319219215,-103.52888835699227,0.4058018043180607,0.06394089768682254,-0.44868980450171825,4.10863033204674,154.28790987695282
28,DaL.csv,0.30946646826502777,20.066666666666666,0.1310894058775357,-4.189160521372386,-106.34668052539138,-0.2870059196910568,0.008959640447908757,-0.3407500059543767,5.415009081034425,230.2895202251316
28,LR.csv,0.41661525500213403,21.137931034482758,0.1171619918970454,-6.835660022602363,-131.36927697239508,-0.2269221997666937,0.08963557580586468,-0.33403344815525243,61.611213779371944,843.2440997883432
28,GP.csv,0.2877445719874943,27.79310344827586,0.3366898749122495,-5.25601057134561,-119.68759182342177,-0.11237702099298796,0.020491666220821436,-0.357492921528098,23.969351405717035,629.4455238899769
28,RF.csv,0.1690346484209324,24.0,0.0852905357131225,-4.344908976750112,-109.3096413882028,0.03462301885528607,-0.0032457236121183897,-0.3320018818159782,3.838197282272469,144.7429209665345
28,HINNPerf.csv,0.16404167858987823,17.161290322580644,0.10968250478660502,-4.170377645924072,-106.44237264744064,-0.17413839315457613,0.03312974084655573,-0.3254498368867933,4.9403576841900625,206.5612206985634
28,kNN.csv,0.2632309066629849,19.103448275862068,0.1422710803936495,-5.95358869848123,-127.19209536636859,0.44209426813093544,0.010580840049186246,-0.4537944862866826,21.21493617398171,557.3085215038114
28,SVR.csv,1.1601792237875928,19.586206896551722,0.5896595953323911,-7.192716382687314,-132.8224983438295,1.3715725609062235,-0.6685934963078286,-0.5047046002856475,50.52340984527436,2206.3631556575774
28,DeepPerf.csv,0.2917347151892598,19.133333333333333,0.10636716305394672,-3.976534195893008,-103.00184394873345,-0.5513287519919947,0.02068491694509511,-0.330431544356349,99.66499350195055,229.70473129120464
29,SPLConqueror.csv,0.3428544003645395,19.06896551724138,0.09852361187348524,-7.383571070581498,-132.1831274077641,-0.6324270720330107,0.08750386477440686,-0.31989782486671015,79.8807746911483,1266.3909641596858
29,DT.csv,0.33301666989213896,7.724137931034483,0.2832922754541874,-0.00027617516905653616,-41.50286908932205,-0.12374816412517942,0.07593998655311407,-0.44211756618057807,5.938867553026647,199.65916475043932
29,DECART.csv,0.311755174813189,4.517241379310345,0.344930749472707,-0.16468526735130595,-43.86759193483053,0.1447901799649698,0.04913556232527816,-0.4632428050751842,6.244998219440718,201.77240043353146
29,DaL.csv,0.2909617661795973,8.066666666666666,0.09213861262839657,-0.22393298462583022,-43.12600019014302,-0.31150447376426715,-0.027431227692536697,-0.3248142814056175,7.946148015983932,264.244684475658
29,LR.csv,0.3537484340082344,18.93103448275862,0.12110420209676581,-7.378777610455031,-132.18338987306316,-0.655706487378743,0.0871289586999654,-0.320949253772263,79.2456743455389,1255.45461603601
29,GP.csv,0.3655326867024715,26.724137931034484,0.28090327981262114,-2.780757975596769,-83.40612603447556,0.060657629577173244,0.006520812667793807,-0.3479881837137986,34.707909006060966,867.5335901292885
29,RF.csv,0.32157554023535895,11.241379310344827,0.0632519137363835,-0.5803028327342794,-51.70069341721178,-0.18088693980117454,-0.020039485316728722,-0.32202473973868334,5.4447303347043325,188.84044127940808
29,HINNPerf.csv,0.24493975030110673,17.96551724137931,0.10198477449934817,-0.3801569058408498,-45.893585179781496,-0.3061359714628116,0.03127946315524477,-0.3187135619420499,8.509170330664837,286.5821413396565
29,kNN.csv,0.2286282449441782,17.20689655172414,0.14056193356696267,-4.162000588566853,-105.13728673232936,1.1322346515869748,-0.010552024531461202,-0.45680872561107316,42.72761992019328,948.7752468025601
29,SVR.csv,1.119309427714143,19.24137931034483,0.6239302321408291,-7.4226234908088315,-132.7777696438058,7.074262460376533,-0.6638201419565021,-0.5028761631645773,118.20773006081441,3177.289000890826
29,DeepPerf.csv,0.30270480017265183,16.6,0.0998304055779648,-0.20620350720962133,-43.24892748726276,-0.2690333618001186,0.009393219953967358,-0.3196027314500678,99.8564559505315,292.0405861627717
30,SPLConqueror.csv,0.3422128842176312,23.24137931034483,0.14565570299150393,-7.5148187513642295,-132.15574775289375,-0.4024270459660446,0.08742464781806014,-0.295894578830626,33.78433261705186,2068.6493778066633
30,DT.csv,0.27192581906006713,19.06896551724138,0.3139646845011655,6.205092099091945,123.32475285221119,-0.1360233556268866,0.08163981677016707,-0.4236333607562045,3.3630515853625447,639.867358491197
30,DECART.csv,0.255302077601172,21.344827586206897,0.3544821071055763,5.71569295574971,110.36302272101548,0.40536401736166305,0.06513074438964606,-0.44062987914215007,3.517391797375568,624.7297369052038
30,DaL.csv,0.26624066834590737,22.6,0.23454159030085847,6.209827111952774,139.82745109766765,0.012229494004450503,-0.012337011525125119,-0.3930372423807329,3.452192467643613,655.5604118074772
30,LR.csv,0.353234813412013,22.93103448275862,0.15140039995647364,-7.514264672076887,-132.19266842095325,-0.5636339100862042,0.08763929693347594,-0.29440352315745244,33.33012613523763,2049.9667107516198
30,GP.csv,0.3574177998230068,29.03448275862069,0.3728401400804185,1.786914102904853,27.971597419688322,0.3014208667543128,0.04988799737908456,-0.3845686840456795,26.807578969401085,2421.4471984918573
30,RF.csv,0.31002245642052023,24.24137931034483,0.07647905279949563,4.422071177643018,75.43834511617425,-0.016484930334677683,0.034753141153656686,-0.28716385880683903,3.042188757741173,531.6229927973121
30,HINNPerf.csv,0.1783352287797471,22.344827586206897,0.11002806043477109,5.5454033294998615,111.46390623705173,-0.5459246555179929,0.035051698418147814,-0.2940691241178589,3.011094644203828,625.1174155608807
30,kNN.csv,0.33340212664865154,23.517241379310345,0.18705544854051426,-0.4660044443518192,-41.72215539554176,-0.3963586418551468,0.026408779942488136,-0.44989565639340834,16.550849815685837,2093.371667362881
30,SVR.csv,1.087730248614219,22.482758620689655,0.6608243301029724,-6.197293288652993,-130.1933200933293,0.915457095445108,-0.6756523171888058,-0.5026870368071812,17.970464028737865,4418.882427146214
30,DeepPerf.csv,0.26667640563025796,24.366666666666667,0.12225656052326328,6.609027051571506,156.0254048538459,-0.284666324900976,0.02987246128015375,-0.29092802317946176,99.46957221327006,822.370805907563
31,SPLConqueror.csv,0.37260771797566616,21.689655172413794,0.11725985320335597,-6.62868138703093,-131.34189969381728,-0.1860211900821076,0.08590817778035853,-0.11531167026179706,54.21311542539504,575.9585622551092
31,DT.csv,0.22965824790702316,12.344827586206897,0.256253571699627,-4.720775319754194,-115.25249050516624,-0.787951747775629,0.07393437955816595,-0.3062916898009771,4.048481464124348,123.37077729033304
31,DECART.csv,0.24796501956394962,8.758620689655173,0.2962535503643989,-4.91765334650199,-117.51325396000023,0.7250880013559977,0.07024625083877356,-0.3428436600957637,3.7704767674686606,118.38400561723381
31,DaL.csv,0.3197644017277905,14.666666666666666,0.12088091252921812,-4.916749167836953,-117.17344731164313,-0.6846135524739259,0.02438176511282919,-0.12822154243240375,4.653870043596433,150.73933042460314
31,LR.csv,0.3859488461967238,19.620689655172413,0.1145849740893371,-6.629504445679636,-131.357065209064,-0.44884003057566746,0.08418946654469839,-0.11532449068010153,53.59171378068658,572.9766529681111
31,GP.csv,0.31308202306252875,25.20689655172414,0.3089788240480313,-5.396967501246523,-122.4884352652575,-0.49303304249014457,0.02601174886617008,-0.15038393848292309,20.501226944697045,380.515117848984
31,RF.csv,0.23367349579487212,11.724137931034482,0.085842037482324,-5.2242698001882895,-121.20697553177375,-0.7527148284091201,0.007797578621168477,-0.132880180625349,3.609986886713671,114.64312312536143
31,HINNPerf.csv,0.2803695638614496,13.241379310344827,0.10334921134285069,-4.986725817103478,-118.43646322272866,-0.3655195278432961,0.03212846488495602,-0.12064891290798296,4.899315057950066,153.6077564098553
31,kNN.csv,0.29293902325675664,10.551724137931034,0.12456056742539989,-6.084760947639335,-128.7861026086417,-0.4502047235634157,0.00439019743483493,-0.34522891251737453,16.277968640048805,319.408357652855
31,SVR.csv,0.6553850932770917,20.17241379310345,0.49582192693245847,-7.2410933944463896,-133.27599564507224,0.6518152638009378,-0.542097517929433,-0.4871527551410727,43.270037459582696,1105.4532726190075
31,DeepPerf.csv,0.2940034425654483,15.833333333333334,0.10603090757381112,-4.8522527987132715,-116.617185671989,-0.4786994880993014,0.033106962702640796,-0.11981863953593996,99.5740596261034,166.66460493961765
32,SPLConqueror.csv,0.26377990949312613,21.06896551724138,0.18000581721393644,-7.061770612474515,-131.40147465131494,-0.21774762383904323,0.08964064090924106,-0.3464926485615736,118.05744346861754,1086.1550189922475
32,DT.csv,-0.004995285027838692,18.482758620689655,0.2916441292447464,0.6630974420800415,-35.52107393526762,-0.18973929400942735,0.07724089398039913,-0.4406949082675806,4.867373285672356,154.05792735051415
32,DECART.csv,0.021284088062381357,19.24137931034483,0.3320616991467305,0.5582449291674232,-37.11965173452644,0.307052956776267,0.06446072034837613,-0.4548435689075363,4.617631694395927,151.47089884467394
32,DaL.csv,0.235301076984185,19.433333333333334,0.12480073342349834,0.5509778130219436,-36.74697920933767,-0.2747217004331628,0.02212897187121099,-0.34485969929083765,5.427971535386108,203.1687301165039
32,LR.csv,0.2925949027253942,20.689655172413794,0.1859753485332259,-7.067125908265165,-131.4261106897833,-0.33097399262759764,0.09132624444899096,-0.34786466223856205,118.61380270792755,1081.5929974157
32,GP.csv,0.3734815181593757,28.655172413793103,0.3394951111786491,-1.8215520064578392,-71.9150439321391,-0.005647354924280146,0.01909211462151894,-0.36567575119167356,27.97803868530249,645.0023987785099
32,RF.csv,-0.06601527604363416,23.482758620689655,0.09436951104196833,0.10150527293413791,-44.57002938899147,0.06385767582413893,0.004179713776642058,-0.341383501751563,5.000839518809526,144.02475241733356
32,HINNPerf.csv,0.27001836709062177,14.172413793103448,0.11877225915161077,0.5018719690463813,-36.27005911128394,-0.7326750859938584,0.04216499673778329,-0.3449790843406394,5.983161576490286,234.32934600278196
32,kNN.csv,0.17522409262820693,19.896551724137932,0.14748013770257434,-3.2884581527781984,-97.74330724409754,0.08177585114035457,0.00647957390587961,-0.45245429596782627,24.91949780157791,517.5981241225426
32,SVR.csv,1.0582890228049795,24.82758620689655,0.6023507326307909,-7.039591063852022,-132.52494154106927,0.22217609473586442,-0.665081897118974,-0.5038173021680551,49.57523496744982,2204.2694247323357
32,DeepPerf.csv,0.33133561408895096,21.966666666666665,0.11939118648320352,0.5263274077538584,-36.89871228652734,-0.6650050633771365,0.03376184729938159,-0.341523497735909,99.85597384838981,298.4991157178181
33,SPLConqueror.csv,0.3274847637947315,19.79310344827586,0.11659864919414165,-6.854689641308481,-131.5529089936869,0.17685562660469079,0.08999260803092302,-0.16215280934062598,60.11088866874926,2069.1169719401755
33,DT.csv,0.24291640853762952,8.172413793103448,0.3495581766862545,-2.5347842088639476,-62.347570051070846,0.2473476286774996,0.07264707939389858,-0.39348351397424114,5.004953801087535,321.8735437241938
33,DECART.csv,0.22691527604883283,8.724137931034482,0.4047592225751088,-3.2788961912085233,-80.49347788874636,1.9327701047678632,0.029738091916554188,-0.4211605153462733,5.115412724636737,319.8134844723191
33,DaL.csv,0.24830932740860784,18.620689655172413,0.14637434772253022,-3.4761452854176236,-81.38162747978824,-0.30233272928315746,-0.0024853470109309495,-0.1749227161468877,6.617273038929685,528.5166675278235
33,LR.csv,0.323115774356033,19.82758620689655,0.11471959704818302,-6.844836077964077,-131.54372062230385,0.10669009953896191,0.08996627568276583,-0.1595062905942773,58.92202033747686,2027.8206282812273
33,GP.csv,0.2914625523677829,27.24137931034483,0.38349065087701845,-4.736779130940427,-104.438094156241,0.1910598745140828,0.015746078051352974,-0.3563505197655604,31.961355504739398,1750.4454254452332
33,RF.csv,0.22679738928274845,13.0,0.09179933053641032,-4.44361835143968,-102.00850800773573,0.00838902678462361,-0.01113336096858386,-0.15771350440345033,4.7792037455413965,293.8483505159857
33,HINNPerf.csv,0.24559926793560022,10.89655172413793,0.11860530142108716,-3.8790403395513895,-88.75756301957568,-0.16574256212574734,0.02340757109228364,-0.16066829386175008,5.20867965779967,395.717576279332
33,kNN.csv,0.29555374204594526,22.379310344827587,0.2372864651296071,-5.818967462220854,-122.21921956182725,-1.0712812124687008,0.025281773161149546,-0.38853132458132345,28.946709711773345,1548.7686575955343
33,SVR.csv,1.0295377949366076,22.655172413793103,0.676858248147788,-7.148128624647659,-132.56574736802403,0.7545701209194735,-0.6773454851890472,-0.49448083529193204,58.45094895225685,5320.906586329469
33,DeepPerf.csv,0.24702188994424948,19.233333333333334,0.12963143293108775,-3.365576486901011,-78.31647194316116,-0.20019611359313383,0.014672693025334915,-0.15248177726721884,99.76843456498703,489.17957636171116
34,SPLConqueror.csv,0.4455905015219408,16.275862068965516,0.23472726196030208,-7.116338339638851,-132.32461225224665,-0.485963724640017,0.09065256281720557,-0.41268010356788154,83.65087202830173,557.4177397060963
34,DT.csv,0.22388340216922947,14.793103448275861,0.3927277711993535,-2.255388451644121,-76.34175080594932,0.40000699077510204,0.07716830830901567,-0.45858004240802663,4.002892452374405,64.311308744362
34,DECART.csv,0.20902161479172626,11.551724137931034,0.4170257487928351,-2.3099358243995303,-76.94131773034049,0.6268150418171634,0.07749730329470084,-0.4630437513876944,4.005057405876505,62.45990651825985
34,DaL.csv,0.2579003741483293,16.9,0.24236615084919094,-2.232692323172083,-75.98836894277889,-0.3164775258931045,0.022222323021010237,-0.4116281477233292,5.086776543699317,93.23534634317862
34,LR.csv,0.45541344873536627,15.793103448275861,0.23629135333233747,-7.115423788910418,-132.32264727387636,-0.4950142355611036,0.09028768257182951,-0.4135005071179191,83.19861245897273,553.9869780299724
34,GP.csv,0.3422875665085269,25.689655172413794,0.4063044480508012,-3.6987681620027812,-99.40490677373626,0.09131431076702978,0.02189892987357811,-0.41389420670156585,22.57123794090699,280.9622162810999
34,RF.csv,0.1905053833111612,17.379310344827587,0.21356656066537988,-2.522258103957907,-80.33556022979778,0.5924052770190473,0.010996921209325272,-0.4029028745411447,3.760146824238281,56.745580532518545
34,HINNPerf.csv,0.2939171212565252,16.79310344827586,0.22187806946794064,-2.359962048704144,-78.18198727004557,-0.7641617671279948,0.04076019655892871,-0.40713977784186234,4.8542548725082915,85.61392405063292
34,kNN.csv,0.27861722232290664,15.172413793103448,0.28150450624954976,-4.8680952319474535,-115.6860439667522,-0.4701690421243796,-0.0061830036282309875,-0.46932672123362373,18.866616253733273,229.87177178815654
34,SVR.csv,0.9163880113106889,21.655172413793103,0.6518486063513977,-6.98149054352787,-132.46399139405565,0.943984476780406,-0.6070268434902473,-0.5044050807993007,59.49817937479573,1132.004910519424
34,DeepPerf.csv,0.273288198137593,17.366666666666667,0.21857923101796733,-2.2796521956396436,-76.42297444468474,-0.5549137186383131,0.02830503183069988,-0.40575195507518674,99.75811333294035,95.66447784810127
