0,SPLConqueror.csv,-0.05811476614734573,6.241379310344827,-0.0370325902570679,2.315041353466348,-4.950453729134031,-0.02159479924347607,-0.000589459157620098,0.016349232611104436,26.881714786535046,3770.2232752263917
0,DT.csv,-0.010912541168058565,2.5517241379310347,0.1382363011583852,1.0674888260433935,-4.071017463236651,0.4797683449612139,0.008678768961535965,-0.040829979595580546,1.4504243431288915,2134.317309427031
0,DECART.csv,-0.008589131525951033,1.8275862068965518,0.1974099693543095,1.064774615047058,-4.066989957156964,0.844171390245359,-0.0036174097775282243,-0.0606830630981704,1.2841739134885244,2093.323850241739
0,DaL.csv,0.003199667898331926,5.827586206896552,-0.030466348464870063,1.0635050901628773,-4.068567906888701,-0.03156849141431106,-0.02973945646075926,0.014161087283034113,1.298607760656888,2051.5381339668306
0,LR.csv,-0.05154002345602693,6.310344827586207,-0.00667023009089579,2.315350850727539,-4.948316509273159,0.008948033948004919,0.0061561341131269876,0.006643892186284028,26.855973610944496,3784.2981519353043
0,GP.csv,-0.1900042124287068,6.137931034482759,-0.03847345836193883,1.2311722875551283,-4.34534329543547,-0.07442110372236044,-0.01137627982818834,0.016107939173026553,11.05402899832719,2945.043551751987
0,RF.csv,-0.007563256544180275,5.655172413793103,-0.026442815093032923,1.0619568799731265,-4.063663631103534,-0.05706605032650647,-0.01254286003223326,0.012599747125411564,1.1380028793737333,2035.234668981742
0,HINNPerf.csv,0.004060709903824844,5.379310344827586,-0.030744835577576235,1.0635422852680596,-4.067425436172414,-0.04377088613262381,-0.019865704852766175,0.01420790662299587,1.2824683184777015,2030.7623003519839
0,kNN.csv,-0.2763335000293058,5.517241379310345,0.007502342318780553,1.358839884773318,-4.1570052392620775,-0.1906621373229591,-0.0958303621315002,-0.0015302482609678147,23.419285608217265,3925.236310844893
0,SVR.csv,-0.0002667205731430311,7.724137931034483,-0.031743756742717844,1.4657748618008841,-4.815931857681866,-0.021567634237727118,-0.003663139870924814,0.014515045399724591,24.97923013960147,3000.0873335585447
0,DeepPerf.csv,0.013335807624780704,5.275862068965517,-0.0044362791215790676,1.06490765919954,-4.071522437365343,0.003844380435445105,-0.017931442034108236,0.005835730951306073,218.20473097939666,2026.865550054426
1,SPLConqueror.csv,-0.06175926418893035,6.413793103448276,-0.03375007476773573,2.315934065634061,-4.945287038267804,-0.03149995138937811,0.000299741590252256,0.015310187900387184,26.736137211834123,3834.1871130694
1,DT.csv,-0.008667172654476807,3.206896551724138,0.17034465443987162,1.0653692526965999,-4.069160994095674,0.3417236144830801,0.0031100024204376853,-0.05009855934586516,1.4257405631177498,2140.710395197429
1,DECART.csv,-0.0096752176646146,1.6896551724137931,0.243079434211052,1.0622431485524262,-4.064397815486935,0.8370197942981207,-0.024333119491837474,-0.07339329958352347,1.2651959533440058,2106.881271257345
1,DaL.csv,0.00015766846740428164,5.827586206896552,-0.03370285303992904,1.0597398553349573,-4.061842125120507,-0.049783301868650875,-0.043932793637201484,0.015181559421111324,1.2522738607174035,2044.1558873991844
1,LR.csv,0.026519702797457634,6.448275862068965,0.013104776538308327,2.308905548057007,-4.879586638659443,0.008250612221533227,0.01415066920481134,0.0005772046173492251,27.916238981523655,4188.735979687392
1,GP.csv,-0.16142247926868447,6.137931034482759,-0.038349955381521306,1.2292299372705233,-4.336508071393226,-0.06131065286439452,-0.012792695155316447,0.016130022775710406,11.023577602962943,2992.28214134795
1,RF.csv,-0.006346582701058867,5.142857142857143,-0.025675505259514564,1.0598248120611546,-4.061296946323424,-0.035960310050230815,-0.036795777892439374,0.012372915597151368,1.1273755171185058,2046.2483020069924
1,HINNPerf.csv,0.005071496367438533,5.413793103448276,-0.026048089881110292,1.0615533308131118,-4.066083877349962,-0.014655920686531432,-0.024452702955278682,0.01265498277210464,1.2931589055605206,2062.3679347516804
1,kNN.csv,-0.2819072696025383,6.482758620689655,0.008326906335097417,1.3584720406982267,-4.165980625829963,-0.15862800977087643,-0.09660945189233483,-0.001712679136411266,23.036080267258594,3965.713471874618
1,SVR.csv,-0.0012970504727388144,6.931034482758621,-0.031977443754684365,1.4542032434116323,-4.798223795829672,-0.01489094177553052,-0.004450353164529353,0.014625736680460188,25.001626851881674,3006.777709165011
1,DeepPerf.csv,0.00790526020040272,5.827586206896552,-0.015345709058459334,1.063047370522796,-4.069392022428669,-0.028763444769466906,-0.027297348295707735,0.009134122728297056,219.48095915540904,2049.651552081328
2,SPLConqueror.csv,0.0578903680476176,6.172413793103448,0.03583780062986519,3.0130944105051563,-5.503073280922309,0.011349757951623962,-0.0034712998030427267,-0.005943231549767947,0.9790633142141142,5144.691485922476
2,DT.csv,-0.37731511763342235,6.107142857142857,0.19117600939037788,2.578430815733166,-5.470112216360807,0.42990932974899254,0.008999503755447336,-0.07015362133255976,1.3375693308310426,5210.488067648845
2,DECART.csv,-0.2985619769717486,5.178571428571429,0.2660193776868169,2.7437738209782703,-5.4643152645515425,0.7145915873602714,-0.01731601714342279,-0.09663751823808608,1.1689482592231104,5204.484493586753
2,DaL.csv,-0.18143057998827605,3.103448275862069,0.3173374174073819,3.011473377973621,-5.514459086656062,1.397633753769587,-0.275772317581506,-0.16301827746509978,0.9688793282011554,5948.764041501844
2,LR.csv,0.05705824778961244,7.517241379310345,0.012750008172991267,3.0131110783712067,-5.503678382928243,-0.03363726556988089,-0.007622632140686703,0.0005375859542969819,0.9797157554584286,5153.06984214624
2,GP.csv,-0.3396099798898621,10.241379310344827,-0.02598633839090153,2.6520582135191644,-4.504569725007897,-0.052229090936174116,-0.010355732088643932,0.01147645875904968,4.445862434412523,5718.224858970492
2,RF.csv,-0.28171592739454465,8.586206896551724,0.022614506030456782,2.950569389329356,-5.506713091127361,-0.16697360862924182,-0.054777870073801305,-0.005768887411435886,1.0016900874354597,5127.965276289487
2,HINNPerf.csv,0.017353105407273417,6.344827586206897,0.0880238639239318,3.01043418160367,-5.5124626634401155,0.2515257036359878,-0.04341804196623111,-0.02545416225077446,0.9748090420919883,5191.191452625103
2,kNN.csv,-0.3563449730950123,8.206896551724139,0.05568061281694553,2.8799684612192027,-5.221838135508703,-0.27075165269195567,-0.008626588946943015,-0.02006952138035656,1.349035387912815,5228.016785508015
2,SVR.csv,-0.281838181175123,8.310344827586206,0.0029218347215310136,2.9662884871057766,-5.483760599937873,-0.056263821841868844,-0.026105053221353036,0.0026425771282684307,1.0103910864031793,5128.604947868424
2,DeepPerf.csv,-0.15810664416906373,5.448275862068965,0.12898205332180634,3.01238591839643,-5.509678231105442,0.29303417888892513,-0.15459138284336416,-0.06429766273934268,220.92448194144544,5338.451957946024
3,SPLConqueror.csv,0.0017746367851808609,7.172413793103448,-0.035876263332570546,2.3175880945543033,-4.675054825901816,-0.017035688127168602,-0.00490190190727835,0.015954876186005884,29.17604698652628,5164.253952398078
3,DT.csv,-0.007933534244401852,2.896551724137931,0.16675338149949565,0.10353884918308598,-0.6587888506448749,0.44035388940228015,0.009773874189324072,-0.05158650984783031,1.553343615386154,3023.275067775288
3,DECART.csv,-0.006694992720695736,2.103448275862069,0.2275967615581232,0.0974315746889709,-0.6397958942115478,0.8885013839458568,-0.01039462178121997,-0.0728214211857231,1.3760655582787427,2978.4606721710247
3,DaL.csv,0.006476152266645885,5.379310344827586,-0.026006922220971007,0.0920921538519246,-0.6297619793216009,-0.024649385865132656,-0.03610540054183187,0.012695704048564238,1.2673562577024928,2977.8547011651663
3,LR.csv,0.008766832047630513,7.793103448275862,-0.014377058231655304,2.326072756003896,-4.5815376493264806,0.029968617142753562,0.0063625385698120596,0.009149215754985951,30.535143090024345,5596.82904039395
3,GP.csv,-0.18090765179725476,6.689655172413793,-0.03772759722529978,0.42046229720826145,-1.6157485022210487,-0.10155501920945931,-0.035660091994121124,0.01563536345197336,11.622171815439572,3999.993921716062
3,RF.csv,-0.009635380259759463,5.379310344827586,-0.021657680008621005,0.09107756406470147,-0.6208785103673091,-0.06369635260300344,-0.03987508161594888,0.010663813751053408,1.2011051408184117,2908.4621699473655
3,HINNPerf.csv,0.014377775726038655,5.655172413793103,-0.035280543074086124,0.09324953494362243,-0.6341435615300948,-0.043096891180211094,-0.02708112428751719,0.015685971382177977,1.4208303522583514,2985.2103413162263
3,kNN.csv,-0.3486526361789204,6.137931034482759,0.027325781489324852,0.5710683258044635,-1.7961260787485402,-0.10498059540854421,-0.057079766969904466,-0.007557691486413387,18.25646064008391,3933.072893396344
3,SVR.csv,-0.3323633360261708,7.379310344827586,-0.028407965457911577,1.1761122049728716,-3.7639158364503116,-0.04998779489657412,-0.009724070402092555,0.013290698180932536,29.618836116909538,3242.3416528331227
3,DeepPerf.csv,0.004145402512588936,5.482758620689655,-0.007089171573488484,0.09286263703642916,-0.6294807848279222,0.005263739085374586,-0.02321741406625699,0.006702924867770688,219.3055037676874,2935.978601292423
4,SPLConqueror.csv,0.17780210544080355,6.896551724137931,-0.03677499236036502,2.314088680643853,-4.663301911362834,-0.01601482352405681,-0.0008611844573103156,0.01599404306881569,23.852804356888697,8805.414377389907
4,DT.csv,0.044203759574415025,2.6551724137931036,0.19678366166587952,-0.038532777773589544,0.0617599114296743,0.4907835497692151,0.0026421563309164675,-0.06341559547471265,1.8526044683383824,8399.75053208602
4,DECART.csv,0.043273096454849114,1.5517241379310345,0.27262709081801,-0.05075774161258417,0.09780876276296624,0.9047205608813546,-0.036495322397897434,-0.08866376092159423,1.6404845533884584,8396.012210870058
4,DaL.csv,0.05067651273062568,5.379310344827586,-0.0290663541510775,-0.0604160001537255,0.11687202637076588,-0.03124461486173935,-0.046291042170534036,0.013316701586176927,1.4905631606572944,8274.358824472998
4,LR.csv,0.08828260142838928,7.0,0.0031518463720919265,2.316632411777898,-4.573076894815873,0.036648234088201614,0.007146306052569273,0.0033282358072946883,24.83461946485862,9117.282379730637
4,GP.csv,-0.056699720204476556,6.758620689655173,-0.04345664854363018,0.3627806594516738,-1.280786607097232,-0.05682888868266267,-0.030297042770077498,0.01733278521182502,11.928259338887509,8625.246492712997
4,RF.csv,0.043144167771816955,5.482758620689655,-0.026714870000743796,-0.06256575693705635,0.13326798975900633,-0.055716306668051496,-0.014733437892712753,0.011615712519073673,1.4225044683314707,8272.407614184538
4,HINNPerf.csv,0.05525400766077215,5.137931034482759,-0.042345428899417614,-0.059144835809302965,0.1034883854041162,-0.03539801134111209,-0.018100846903170487,0.017686608715934193,1.6200884822190038,8327.865337205874
4,kNN.csv,-0.25143032939152077,6.275862068965517,0.018438285639009566,0.35378072973502617,-0.8505923400197517,-0.20793266493476315,-0.05385286917146759,-0.005372644815029748,14.560663853676411,8858.842067011921
4,SVR.csv,0.021269713970193505,6.928571428571429,-0.036442842663716446,0.8703672008844603,-3.3683917536038472,-0.03021471597712988,-0.012490186567453043,0.015583239283169847,22.75431807094834,8629.50327358522
4,DeepPerf.csv,0.054467976692080255,4.862068965517241,0.006166477729455666,-0.05515601435888273,0.090518452160536,-0.03158624795636633,-0.01431198073009965,0.0020105764425273343,227.78245291517788,8262.22290528376
5,SPLConqueror.csv,0.18948659801436307,5.793103448275862,-0.04113652946389934,2.3140564304535274,-4.601433906064686,-0.0612947541370803,-0.00048718436036743196,0.01730306133960413,22.543143711846266,7897.193558331414
5,DT.csv,0.03316968790017838,2.3793103448275863,0.19749699298587403,-0.018135736678821512,0.06600336059044043,0.5193676600103124,0.004420826610056272,-0.05996158852579592,1.2143351058180307,4000.297590893734
5,DECART.csv,0.03252725139846724,0.3793103448275862,0.27561214939451967,-0.023688272406296562,0.08560190426572944,1.0380955576915762,-0.03663549702429736,-0.08630726274231615,1.0638880573766303,3911.1450526977997
5,DaL.csv,0.03906413093755379,5.655172413793103,-0.03443336580364931,-0.02634170221651866,0.08170716107298581,-0.03347016400616176,-0.03783959876328136,0.015074101411531649,1.1071862406175779,3867.9871268788797
5,LR.csv,0.12461623283928958,6.0,-0.00344198761348552,2.3155983934146804,-4.557683840043583,0.010413400694666897,0.008272134945195964,0.005508976615275607,23.00909981874853,8164.328707732206
5,GP.csv,-0.05554063591542374,6.0,-0.04394504750015904,0.3843780122542726,-1.1909804038344909,-0.0605542700895888,-0.029960238252741522,0.01759085350076839,11.268452323482295,6140.968691386524
5,RF.csv,0.0341618836456441,5.241379310344827,-0.03035501048041428,-0.029651885931397004,0.10543892896121942,-0.033165550723507686,-0.035209623118377165,0.013270258144984504,0.9488299299669316,3730.578145177261
5,HINNPerf.csv,0.0330979905290778,5.166666666666667,-0.040004340029626606,-0.02588874468613822,0.08221930508131603,-0.03450214271868224,-0.035208441673538426,0.016835491945315972,1.119669100628992,3818.5742249018945
5,kNN.csv,-0.23838933454425593,5.448275862068965,0.016897812599976136,0.3736033874474949,-0.7466016194696006,-0.14309630410259366,-0.07138396927570878,-0.004393202808538943,13.433822907039092,5941.026428208489
5,SVR.csv,-0.1534203577968427,6.896551724137931,-0.03519867352635697,1.1473205027165079,-3.1960332518775054,-0.03918154030662502,-0.009148934496992056,0.015212119758626241,21.762496542941626,4800.626653499311
5,DeepPerf.csv,0.031626281868443074,5.068965517241379,-0.012325471753065531,-0.019825415663658585,0.05296343178447138,-0.011893878258318225,-0.024127202509422463,0.0076997752172719425,218.51263741722985,3894.3896652988506
6,SPLConqueror.csv,-0.09583720973527499,7.206896551724138,-0.02407567463503052,2.328817120174889,-4.579424205086614,-0.02383714865612585,0.0040036744424220005,0.012229920502139335,15.72871055564789,6334.337527591414
6,DT.csv,-0.2464121424823595,2.0,0.15861308211374137,0.08322290909131036,-0.6516258160150694,0.514803008663344,0.012860942175565326,-0.05168158467838102,1.2436331108253742,3858.326553988359
6,DECART.csv,-0.24587604041562972,1.0,0.2143068722143721,0.07461795165506757,-0.6265059729540825,0.9096306493850274,-0.0020865956251490125,-0.07193431830901398,1.0949950743311745,3827.842385980717
6,DaL.csv,-0.23740287881850627,5.172413793103448,0.07063537076926607,0.06748236168849964,-0.6189674037565109,0.05399189629560197,-0.041692789108612405,-0.02269913360871101,1.029663243569931,3778.082957678434
6,LR.csv,-0.04489225152052556,6.689655172413793,0.0005292671793250547,2.3242589583267192,-4.540079383386109,0.009714381220893853,0.003577119608825341,0.004391538406966489,16.185750874777174,6433.439591907407
6,GP.csv,-0.21242691546455605,6.172413793103448,-0.03684854659997511,0.342335043455563,-1.2958205236077065,-0.04757392863737975,-0.02723389429189027,0.015513270033685633,7.178775862988717,5060.521670535217
6,RF.csv,-0.2460027707983165,3.8275862068965516,0.025165690145551867,0.06577107575976804,-0.6013848788520009,0.1148229194228263,-0.024555516350432405,-0.005027768428930823,0.9466650992750201,3705.1930036772405
6,HINNPerf.csv,-0.2493237008750273,5.366666666666666,0.06646088931025201,0.07041791379422468,-0.6325305887135202,-0.005729828987127483,-0.014052354531522315,-0.017084718994127335,1.0482997795786226,3814.0040298699623
6,kNN.csv,-0.327174383329724,5.275862068965517,0.034131764361156613,0.41831915613884596,-1.0116395844943442,-0.13463065144229658,-0.04507598367036758,-0.01054615230807554,9.501676767423003,5219.46715365587
6,SVR.csv,-0.19363746259677123,8.241379310344827,-0.02997233654320003,1.4451038651983146,-3.166383722540671,-0.02401018815511613,-0.004322458276216357,0.013797790422118594,13.897857885692796,4082.6699407064607
6,DeepPerf.csv,-0.22769366920635542,5.689655172413793,-0.005343178458174336,0.07385909845168515,-0.6477091929839847,-0.008443726301730514,-0.014813646638347056,0.0057157986564494445,218.72088162665762,3756.9352444814135
7,SPLConqueror.csv,0.08678947256379443,6.931034482758621,-0.050202449921604664,2.3197393958843553,-4.602775765473721,-0.028567531789438938,-0.006110813945206406,0.02004321476109372,23.014660329662373,11937.549302402102
7,DT.csv,-0.0011201953333995762,2.793103448275862,0.20321654929473637,-0.0007115402293615958,0.0061441789235558986,0.5687851398920397,0.0013608329811460873,-0.06317235768199436,1.4473909149732032,7022.011858663085
7,DECART.csv,-0.0018584144864703944,1.4137931034482758,0.27688814729248507,-0.00790307390315581,0.029627925711384506,1.0677384947198996,-0.04321185525692273,-0.08804296385323551,1.2905275813811161,6953.793953149112
7,DaL.csv,0.006139893684378062,5.862068965517241,-0.042810465413166354,-0.009084104847875807,0.01336602473658477,-0.015419514314289229,-0.035186877667688465,0.01753436254870344,1.341728478948792,6864.849954389756
7,LR.csv,0.06392332706978754,6.222222222222222,0.00013519953031571053,2.30538914200197,-4.549006750185707,0.03385923906130939,0.012120641442151747,0.003927904902539692,23.693938124283264,12374.1766921079
7,GP.csv,-0.08375746052514071,6.620689655172414,-0.04917467160330474,0.49086674498128335,-1.5228520135583405,-0.07811764068905269,-0.02909010256810529,0.01916326976809679,13.33353649983739,9936.945795455016
7,RF.csv,0.0005120874327647074,5.620689655172414,-0.036495201047708814,-0.012393700652669537,0.03804014349230389,-0.026807467442436117,-0.03709605864406551,0.01499481560989202,1.144853605494854,6779.3476213978365
7,HINNPerf.csv,0.0036702122150746863,6.6,-0.04355056801016888,-0.009529751663324593,0.020346263826818145,-0.03848536208748343,-0.03773608556259345,0.017735002503649455,1.2799772004237326,6860.093729942943
7,kNN.csv,-0.26306816712866676,6.413793103448276,0.006423830894792204,0.3648402099383252,-0.7448318692481535,-0.14735232428484812,-0.05240582957909368,-0.0011532812597114805,13.818193395873509,9565.539285248875
7,SVR.csv,-0.13819300404811052,6.620689655172414,-0.04248320381439613,1.2036969153424835,-3.369508854371294,-0.034053736899657516,-0.010729361878085375,0.01737517790419074,22.17797379630111,8022.463413627409
7,DeepPerf.csv,0.006658252209109483,6.655172413793103,-0.02401444609352843,-0.00678479372908436,0.01189342753819922,-0.03520754646401747,-0.025263635115391536,0.011253671417134181,219.08598086803298,6881.351817422228
8,SPLConqueror.csv,0.0819241910560029,7.448275862068965,-0.04423803357645045,2.320023219513473,-4.603527916193522,-0.03809865785453348,0.00031947257334552503,0.018135895404856384,22.9086219616534,11899.938611620675
8,DT.csv,2.7639780644350687e-05,2.8275862068965516,0.20334096766832294,-0.0007724702192790645,0.002453949094536334,0.6125508438577337,-0.00017711222441085805,-0.06328080226288235,1.4211114428444522,7019.325894765643
8,DECART.csv,-0.00034072799718393165,1.0689655172413792,0.2749263466814789,-0.007354096460236992,0.02329363191757139,1.0426424098193077,-0.04345079251139994,-0.08715777104288547,1.2561784303117558,6946.336546983266
8,DaL.csv,0.0057251651747588506,6.620689655172414,-0.04616799251838716,-0.009796702857471473,0.01810609756952619,-0.022995244931085956,-0.03550457730942236,0.01866071034470662,1.3073429588707344,6875.874826271264
8,LR.csv,0.06292782638944727,7.241379310344827,-0.022508453078647184,2.322125681818348,-4.553638631737299,0.032159372560737864,0.0071138829866310704,0.011167204629593086,23.587773246648364,12372.99710830472
8,GP.csv,-0.06500406739044323,6.793103448275862,-0.04943353257962929,0.47946198742686663,-1.4900902978297692,-0.024068377136865382,-0.028238918634009402,0.019250673342537605,13.252531997995458,10007.570785504493
8,RF.csv,-0.0006917459277967497,5.931034482758621,-0.03452573484970445,-0.011248495184622342,0.02991534331666479,-0.029899293275092553,-0.036044578866844756,0.014311527733266716,1.1452867975145669,6779.79739028039
8,HINNPerf.csv,0.009376637483100081,6.0,-0.04420892400120846,-0.007731987606205859,0.010402258270337583,-0.040214687564469775,-0.03169455447898739,0.017969124346584264,1.3420929707404596,6867.367026339939
8,kNN.csv,-0.2638278721626841,6.586206896551724,0.0064686450957047725,0.3665429049833877,-0.7521644558171823,-0.1662070744600922,-0.05248499437180498,-0.001152931111076061,13.817007736461138,9559.837101559004
8,SVR.csv,-0.15331363622825328,7.827586206896552,-0.0416564997396649,1.1976825765847148,-3.3612487418475077,-0.05441027671106535,-0.0127839420838457,0.017082567170279006,22.144297433597735,8025.613681539674
8,DeepPerf.csv,0.007685414003624269,5.724137931034483,-0.020160424815038214,-0.001536129355211635,-0.022310116033017913,-0.01971995974502483,-0.02311880413206302,0.009962897534112058,218.82366527115596,6882.357994116368
9,SPLConqueror.csv,0.06477759882944345,6.928571428571429,0.21241095443760555,2.315821348912418,-4.947936185864147,-0.5841777257337067,-0.013133557397899454,-0.04347495000682866,29.372126339678314,4982.870906131336
9,DT.csv,-0.004028563364332272,2.4285714285714284,0.44850722587570807,0.9967572720671798,-3.9881879373108218,-0.10922229039666032,0.001473071361226097,-0.11017444616936745,1.2907095526389096,2911.454178015882
9,DECART.csv,-0.008254771077452538,1.6785714285714286,0.5169260608067097,0.9943262167007525,-3.9853302210008654,0.17778006566420934,-0.053754665659429435,-0.12953146102417945,1.1344049720581755,2898.8656742060566
9,DaL.csv,-0.0052694079952813055,6.413793103448276,0.22227160363776827,0.9906031268090632,-3.9811644143549363,-0.5758831228361128,-0.026376884283882518,-0.04619153794594644,1.0835532996613702,2889.182145101472
9,LR.csv,0.05952730108870197,6.730769230769231,0.2891589457278913,2.3331247525438865,-4.812552313451521,-0.47165104642339084,-0.018832420002484196,-0.0633396267890709,31.982077051190323,5463.934926410015
9,GP.csv,-0.11462339070974986,6.448275862068965,0.21240831659383624,1.113303086003269,-4.25793262280182,-0.5827721242949129,-0.014785587228983932,-0.04400905136267741,9.870816739913511,3963.4823372575793
9,RF.csv,-0.007050311898438744,5.275862068965517,0.21255845747199092,0.991923017474402,-3.983207081856994,-0.5792990550627668,-0.05436672529617481,-0.044118056825505736,0.9965132937071859,2841.231160044122
9,HINNPerf.csv,0.0011612792616234602,5.8,0.21240351370015337,0.9923649969917203,-3.9844117688718614,-0.5803836377901934,-0.032188243297154084,-0.043576974931624046,1.0586394596205562,2864.7877476971335
9,kNN.csv,-0.2164754504590337,5.758620689655173,0.22802902198958458,1.0883156998360806,-3.92055942037515,-0.5764678043756924,-0.038496407907443464,-0.05113321245699454,14.987540964447987,4213.108924785473
9,SVR.csv,0.020436460229708797,8.793103448275861,0.224764668703255,1.1947309585534913,-4.6232709610228095,-0.5826148451528347,-0.03300172081271624,-0.04709043708358984,18.540553273344514,3527.1480849167747
9,DeepPerf.csv,0.004402600209176932,4.896551724137931,0.22116855250874518,0.9955380688870614,-3.994237239005915,-0.5650544062986977,-0.03162432541729854,-0.046090113256050946,219.08768193200945,2897.578504911665
10,SPLConqueror.csv,0.10131431213095055,7.137931034482759,-0.05023311226959748,2.319039900763527,-4.606164036778891,-0.02550586162673152,-0.0002874272927860799,0.020049659668487818,22.983115402679655,11952.732683881217
10,DT.csv,-0.0010249169530258673,2.3448275862068964,0.20787015026319494,-0.0016799995286529423,0.004901826038232748,0.713630665028227,-0.002118443329790498,-0.06488060897340298,1.4160941371627263,7016.662139253053
10,DECART.csv,-0.00204055104086881,0.7931034482758621,0.2844204710090446,-0.008489103723934743,0.026585984414700725,1.0864593419379722,-0.04879061459442757,-0.09065759908710636,1.2645619592127373,6947.4801924180265
10,DaL.csv,0.009325491888278914,5.241379310344827,-0.04513018997093565,-0.009487863045471556,0.013810347211678398,-0.023850723672274476,-0.027903986284850357,0.018329325723190903,1.2869132514953303,6861.741246341893
10,LR.csv,0.08634668943673707,6.724137931034483,-0.015288059786861374,2.3187731315089852,-4.566260277686201,-0.002561822646380718,0.007522216372089607,0.008943672039509187,23.56387533185758,12290.5684752145
10,GP.csv,-0.0770495401769134,6.482758620689655,-0.0492147685199108,0.4795415303799715,-1.4946955905428068,-0.08172802677858071,-0.028390445573031498,0.019160681390634204,13.264752212899015,10040.856908846145
10,RF.csv,0.0011382860572543563,6.241379310344827,-0.03588490239054287,-0.012667436356055717,0.03776539611928165,-0.02710895350797693,-0.03603690206222265,0.01479443846194095,1.1535275656665804,6778.002338593696
10,HINNPerf.csv,0.007885353295072506,5.4,-0.04391822135581436,-0.007704345008698876,0.008123347975184991,-0.032211198436589594,-0.03306293277398087,0.017852175667284476,1.3119720469557359,6848.2052611478775
10,kNN.csv,-0.26645882089364736,6.724137931034483,0.006414985986717192,0.3682322138412568,-0.7603036680600921,-0.15111866776124994,-0.05251720293604645,-0.001130653126999892,13.87006117967296,9552.934379626993
10,SVR.csv,-0.13702370400176306,7.137931034482759,-0.04174200051772198,1.1906017840249086,-3.317632375490356,-0.03360584788411147,-0.008951868836896248,0.017122395646727462,22.219097463667737,7981.319404961758
10,DeepPerf.csv,0.01229682318428138,5.896551724137931,-0.014403568979374282,-0.004722734714412091,-0.004706723570588878,-0.011479781371595,-0.02179224789342471,0.008098426858132557,219.07881554476663,6874.864802042111
11,SPLConqueror.csv,0.0866573766459452,6.482758620689655,0.21233566778182594,2.3204434207860163,-4.602686997122231,-0.5836783433822053,0.03502369339534883,-0.04351344366745169,22.90878943979098,5753.759687416379
11,DT.csv,0.010343839222277773,3.0344827586206895,0.32903871939517443,0.002641296063654597,-0.009972897661543634,-0.21145117259336133,0.0033515395529927217,-0.08062999273643445,1.400866577109852,3399.9385076238873
11,DECART.csv,0.010809912231491192,1.1724137931034482,0.3623300374988951,-0.004716111729939243,0.014504362981361929,0.20959993173869396,-0.0003238717238687183,-0.0936285969653119,1.248204073884095,3364.494281933088
11,DaL.csv,0.0178963848611568,5.448275862068965,0.21541839903812982,-0.005187736933777831,-3.443800702918054e-05,-0.5778034221235064,-0.006963658880108969,-0.04438485083078514,1.239276345443516,3284.999976994543
11,LR.csv,0.052225485230649404,6.413793103448276,0.21233082452769197,2.3187620013224417,-4.57372383181892,-0.5167074109656751,0.03417821011859834,-0.04356484089447177,23.589910816968846,6005.575569899658
11,GP.csv,-0.04892737152979787,6.551724137931035,0.21234777591716097,0.38698267585193213,-1.2354625162470994,-0.5811163343044925,-0.03439275502066863,-0.04445703778983656,11.108535298999898,4609.937679427431
11,RF.csv,0.012294045735933734,5.928571428571429,0.21234072725266234,-0.009745413894548527,0.02793004277925526,-0.5796225885434161,-0.03703699733358745,-0.04418561957170941,1.1382038591839239,3254.815451736367
11,HINNPerf.csv,0.017297907644290622,5.4,0.21234030923370445,-0.007536362530809804,0.013158862636439395,-0.5792757381310105,-0.03228623725490598,-0.04364673714186107,1.2500036000529808,3278.8701698327422
11,kNN.csv,-0.24254816617180833,5.758620689655173,0.22793094609337056,0.38448304955449264,-0.8299086639948801,-0.5771542016495941,-0.05244168906216273,-0.05178799807543766,14.239352000657243,4601.531573779106
11,SVR.csv,-0.14078602247166477,6.482758620689655,0.2132813131514934,1.1760666610775254,-3.3134700838702615,-0.5944400129272294,0.010226015289047874,-0.04390393047188379,21.992536653715685,3855.7213639572287
11,DeepPerf.csv,0.015350828482790901,5.862068965517241,0.21486626806685144,-0.004114294407817187,0.0005397001655529365,-0.5673081801218527,-0.003780926366294346,-0.04478710001702313,218.66988750845883,3292.0999308625474
12,SPLConqueror.csv,0.17271606523384897,6.793103448275862,-0.018145262749327762,2.315125229335123,-4.664587341302631,-0.023155499992306816,0.0036178067610607156,0.011357533668950204,23.91087612640384,4303.122228214319
12,DT.csv,0.09879459167340698,3.2413793103448274,0.15654138061658057,-0.0503180820122795,0.10033360176530781,0.29867265123186104,0.014742606393024826,-0.050807207480859984,1.903317511195721,4009.075000326558
12,DECART.csv,0.09837846206001921,1.5172413793103448,0.21920151112819591,-0.06449367129014538,0.14408361290831717,0.7058849450839365,0.005492370966690863,-0.07331475148019151,1.6791008697385061,4005.4740740187835
12,DaL.csv,0.10153223758514707,5.827586206896552,-0.012836347316898367,-0.07838635753600443,0.1835278289697886,-0.043145289897457806,-0.037098575498615394,0.009503047397485864,1.4957807957264355,3963.2806223653693
12,LR.csv,0.12128260056593931,6.137931034482759,0.0012952578042922935,2.3169326902012206,-4.6056041567998705,0.0022586396821271393,0.0068881916755532124,0.005048020602285597,24.445011694366748,4399.833727381128
12,GP.csv,0.011829919955099966,5.551724137931035,-0.025434058418596306,0.2084507916246392,-0.8355653382332324,-0.06288140326056102,-0.03449288407428641,0.012539504622171682,8.622340767182939,4149.378827037588
12,RF.csv,0.09872771173391337,5.241379310344827,-0.003795329647260315,-0.07492135950284773,0.17514697849918903,-0.08316962102271663,-0.010606836114011697,0.005113404849174441,1.4547720805439963,3929.86998102226
12,HINNPerf.csv,0.09993992365275095,5.366666666666666,-0.02250989411403942,-0.07013737660075803,0.13442964031690696,-0.03713546485670438,-0.020091193551183717,0.012611775956912541,1.6480502980570018,3973.140799466061
12,kNN.csv,-0.22564304221792789,5.206896551724138,0.03390076899966593,0.3963293577670888,-1.069855028107765,-0.13470760301548912,-0.04333235434090399,-0.009977498748445113,14.961243304072575,4286.732994209643
12,SVR.csv,0.08152678827853865,7.206896551724138,-0.016596440320886197,0.8120861099388927,-3.1474857527589384,-0.0400952903299715,-0.010873118586818609,0.01046658693319924,22.62611675303834,4176.615070975254
12,DeepPerf.csv,0.10312825751499588,5.344827586206897,0.02013864199995885,-0.07084735555919996,0.14648439758437082,-0.030660055474762804,-0.011978809693493853,-0.0011836746378940388,227.04480077246487,3942.1988352108924
13,SPLConqueror.csv,0.06149651647523047,7.068965517241379,-0.05019301535299142,2.3206799780717744,-4.599573009946129,-0.023009071458541364,-0.0020231350363336675,0.020034615402311884,22.967114853539037,11899.604731672023
13,DT.csv,-0.001881810536259243,2.5517241379310347,0.21873523534236577,-0.0010645514107214815,0.002261573145665885,0.6420797187941222,-0.005594147439791586,-0.0674163054585547,1.4178059458924073,7020.837716574945
13,DECART.csv,-0.00248477941760078,1.103448275862069,0.2925147412186279,-0.007857855527647839,0.024074376079480153,1.028642579407637,-0.053801118647930246,-0.09172978601486603,1.2603484395394244,6941.296560333181
13,DaL.csv,0.007584611093558624,5.793103448275862,-0.045482217312315554,-0.012879563404323058,0.03517194052974215,-0.03249532059371152,-0.03349316673619174,0.018450829408920733,1.2776256276032512,6872.858489726049
13,LR.csv,0.0580261583497278,7.379310344827586,-0.020878041690179427,2.3187812751983,-4.569873385882023,-0.010074569215910767,0.006566148037103869,0.010661098951791237,23.34961752257945,12256.836044887319
13,GP.csv,-0.0786636967816644,6.275862068965517,-0.0493775148284884,0.48385903821661924,-1.5006059828207037,-0.06853206228949882,-0.02859308374004288,0.01922784847372816,13.279173282303743,9950.32626389314
13,RF.csv,-0.0003191366064915768,5.482758620689655,-0.03615319793548055,-0.013220664531329085,0.039311551935283795,-0.044240545843923784,-0.039375471886314184,0.01486832234005464,1.1412864375632499,6769.232514943472
13,HINNPerf.csv,0.005858807657519449,5.833333333333333,-0.04566813728004926,-0.00799507655633347,0.008135887036833545,-0.019939151129526933,-0.02650688668448442,0.018433706363933156,1.3101763278307206,6851.864531427237
13,kNN.csv,-0.2641391796553164,6.586206896551724,0.00646510713247489,0.37040716510638605,-0.7704588074548151,-0.13766864880457086,-0.05248738524974217,-0.0011450476161313228,13.805070495047756,9550.980815394387
13,SVR.csv,-0.14812173775096094,7.620689655172414,-0.042630618948977295,1.1938687821782006,-3.336563190269734,-0.029013837775408335,-0.01216709361710333,0.01741690232172588,22.173383103991842,8004.763611576452
13,DeepPerf.csv,0.00934301580989566,6.068965517241379,-0.018974027811928917,-0.006055115933955246,0.004472828015527064,-0.05254017455023641,-0.02343735222832799,0.00957348857397633,218.69580063525174,6885.460956511945
14,SPLConqueror.csv,0.08464653865673577,7.241379310344827,-0.04292485955760128,2.3200232489207226,-4.6024765064230575,-0.013777677630063767,0.0011500566525773914,0.017774975728100828,22.96997106594817,11947.351576840727
14,DT.csv,-0.0014497930700984596,2.7586206896551726,0.21657295014832917,-0.0016243018270181153,0.00679231031381633,0.5976738416908275,-0.004256554417832348,-0.06703254113847501,1.4565277107863759,7027.618470172905
14,DECART.csv,-0.0018196125468729618,0.7931034482758621,0.2867248643928177,-0.007282295766804392,0.0236045859004399,1.0665592043077403,-0.05129845630895158,-0.09064765312378231,1.2929061319242594,6949.593587087851
14,DaL.csv,0.01112461610757881,6.103448275862069,-0.04394497228890304,-0.010270476372138404,0.014437129128300086,-0.019459910954759185,-0.03689086046694556,0.017956959328954802,1.2930559665216093,6845.417585800032
14,LR.csv,0.04973854104352082,7.0,-0.03429635690029609,2.310935512158506,-4.517753245855341,0.012431362381523314,0.007269242079015914,0.0148997600819607,24.098131609142012,12591.228725195191
14,GP.csv,-0.07057275495575677,6.0344827586206895,-0.049038460018951735,0.4791455876052457,-1.4815426879583544,-0.036295612258976484,-0.02842779531149542,0.0191390560971203,13.252298878029832,10000.342741367222
14,RF.csv,-0.0013759912054651102,6.206896551724138,-0.0363218408494414,-0.011683631608107259,0.03175261155219378,-0.02603993069156396,-0.03483884485105271,0.014947009861096539,1.1456693019157667,6770.820520894326
14,HINNPerf.csv,0.007953305455703663,5.7,-0.04466606816122026,-0.007570001319998632,0.00788203523580755,-0.021155189903176774,-0.030879758835230087,0.01812945306170799,1.3088779026938604,6858.630315155869
14,kNN.csv,-0.26032480375841427,6.689655172413793,0.006374889070111189,0.3716923722948595,-0.7776703359388071,-0.13734758035402772,-0.05256928644507297,-0.0011139573098392086,13.82080463536677,9566.13772111533
14,SVR.csv,-0.14459779594414818,7.241379310344827,-0.04130860002205333,1.1936638320155677,-3.3379584011128074,-0.04896628753130394,-0.00888523448246581,0.016994356801479427,22.192304543233476,7971.098770498813
14,DeepPerf.csv,0.008099048025621836,6.137931034482759,-0.019991192240539024,-0.003724299532951836,-0.008905867066612672,-0.026260254633050817,-0.020589613802887596,0.009986226784102437,218.4737323217651,6891.494063592531
15,SPLConqueror.csv,0.08581876006296618,7.379310344827586,-0.04691246028054202,2.3198025442042423,-4.605671343069523,-0.015120379883047708,-0.0067652858238150815,0.019106165286910226,23.486572201474882,9534.955947476465
15,DT.csv,0.011476386612125578,2.6206896551724137,0.21177908080104396,-0.005368629357571653,0.022964265767940972,0.5805531175095041,-0.0005883115041188658,-0.06580546009008303,1.5002134935177494,5601.914274225439
15,DECART.csv,0.008549259638281126,2.0,0.28866066840716337,-0.01132054533306981,0.04191240155651421,0.8747674835579958,-0.04746260117272805,-0.09035224378157813,1.3622583030913846,5543.915158569945
15,DaL.csv,0.015803773545228217,5.620689655172414,-0.035601456645975194,-0.01626009937664641,0.04482447506882714,-0.032780445968808136,-0.03300506864043906,0.01528711600181043,1.2910937871729435,5445.180033845466
15,LR.csv,0.041939705912002356,7.0344827586206895,-0.015030060294193015,2.323424024466871,-4.564050516149822,0.05677658945680586,0.0003316552620132862,0.008936429174396743,24.229925432321608,9958.870166801322
15,GP.csv,-0.06020521996548572,6.551724137931035,-0.04664537636945426,0.44227296407675265,-1.3540751634621762,-0.0768050818364675,-0.030390414410503608,0.018426565665152106,12.790641460164647,7891.65148443012
15,RF.csv,0.015246324411243461,5.862068965517241,-0.03193350426703645,-0.014132600077635615,0.04938759802026027,-0.03941267296083295,-0.038685435514656974,0.013566931464984888,1.2365359912955736,5409.101631363367
15,HINNPerf.csv,0.017430362466499538,5.733333333333333,-0.04180584063053566,-0.01551632476359277,0.04552914573956546,-0.037955528287693774,-0.027094982510201593,0.017325691748012795,1.3163035221475414,5426.820798640246
15,kNN.csv,-0.25652013285516845,6.758620689655173,0.01218133884713235,0.3923953495582997,-0.8382663612864594,-0.12562073415914088,-0.054236214148354334,-0.0031175288360805187,14.52647784885939,7587.510560572034
15,SVR.csv,-0.13431887618032395,7.0,-0.039187800052081334,1.1935199906674385,-3.296365639121437,-0.021564585501475886,-0.009724276367526041,0.01643369921304394,22.87682119610142,6362.623703993869
15,DeepPerf.csv,0.016668716687980256,5.689655172413793,-0.018169038149227157,-0.012899228569053456,0.034811395675358625,-0.02110248359406286,-0.020363201665320352,0.009541624931687864,219.44343632143656,5425.89715192104
16,SPLConqueror.csv,0.07568111911045128,7.413793103448276,-0.046910234581282906,2.3198085561105173,-4.609666378520438,-0.009454012028204395,-0.0018983226923662277,0.01906745795699072,22.430892000705885,9463.40036026652
16,DT.csv,0.03190991722159042,2.5517241379310347,0.20685435024048687,-0.012674448729815602,0.10266872632834545,0.5241593205311247,-0.0006740958079902715,-0.0643458229113949,1.4084969280376378,5565.351762123199
16,DECART.csv,0.03137645665204358,1.3793103448275863,0.2862168506207104,-0.020364155035781817,0.12791499637098447,0.988669249553194,-0.047937876636943044,-0.09024203735956549,1.2712928942892088,5504.169294104642
16,DaL.csv,0.040437263731517015,5.689655172413793,-0.0413712110252239,-0.020252254940207326,0.10938791536097447,-0.02088685104997079,-0.027388940078065027,0.017236665086515113,1.315295898793626,5481.369727967618
16,LR.csv,0.05249972127579661,7.206896551724138,-0.012518729630214831,2.319369047248003,-4.577443993886948,0.020467310761779767,0.0004391258901204065,0.008008040056992627,22.80831284381169,9715.40675395859
16,GP.csv,-0.05985756610974341,6.310344827586207,-0.046228428708256164,0.44993414649291785,-1.3820268123577617,-0.10945598908782217,-0.029458151548301448,0.018213134097422423,12.430227044985873,7947.261084167785
16,RF.csv,0.03608350743771904,5.758620689655173,-0.031974308753452696,-0.02269942293078442,0.12941374235027414,-0.0489472564250607,-0.03997931754867712,0.01352350190740681,1.1601874231999902,5350.457548867081
16,HINNPerf.csv,0.03500194844636262,5.833333333333333,-0.040036582829521605,-0.02210389222155973,0.12043471438592146,-0.04215655170467891,-0.03535142689275983,0.016681594228576846,1.2478796926802493,5433.241107453546
16,kNN.csv,-0.23428918834429097,5.931034482758621,0.012552288723643057,0.3627386044158447,-0.6705388507912242,-0.1526764283062676,-0.05415586020999674,-0.0032278332021919987,13.770290782429349,7489.466316638362
16,SVR.csv,-0.1402814501135889,6.689655172413793,-0.03953723483575461,1.1833218984387779,-3.352172254680755,-0.04257942337353193,-0.010148366193985958,0.01651493326878084,21.3643030987261,6387.279445444774
16,DeepPerf.csv,0.03806780132357057,6.620689655172414,-0.010342737654602585,-0.015162487265598212,0.08716766543930632,0.0005592257577878845,-0.021046968863496995,0.006933299226901224,218.80911461680085,5457.131064010368
17,SPLConqueror.csv,0.07098912472994379,6.241379310344827,-0.04688055859116208,2.3194514954807945,-4.613077486018503,-0.007367511868086263,0.0004733629900678382,0.019056433693426578,23.107604544988185,9446.940356453157
17,DT.csv,0.01071980766999564,2.689655172413793,0.19414709127073332,-0.02076875683077306,0.1329457412502837,0.4981104922277618,0.004474302870882241,-0.061223511462330515,1.441837721982776,5580.880968861725
17,DECART.csv,0.012326945661606803,1.5517241379310345,0.26605498293259616,-0.02773830423525636,0.15936422368213865,0.9230752814367406,-0.03527375871613281,-0.08447308422733868,1.324385365299961,5520.044439795206
17,DaL.csv,0.016777880536917755,6.0,-0.043496011917877664,-0.03298897970413339,0.16265130720518073,-0.031434535869468094,-0.029916558426992257,0.01790906773876677,1.242005791787348,5513.261451408162
17,LR.csv,0.0633666447101463,7.172413793103448,0.0037348101589816385,2.310383504377391,-4.589122212229847,0.022786432141631452,0.005997062934569475,0.003062901115648553,23.70052323845352,9728.432698192955
17,GP.csv,-0.05800504539895812,6.689655172413793,-0.04643467683959618,0.4459898670229674,-1.3707722257988477,-0.05533979967834002,-0.029397950538970208,0.018298502964360752,12.719063379696165,7857.0011966843
17,RF.csv,0.0153372580784501,6.137931034482759,-0.03205591772628502,-0.032271974029382644,0.16739382642596023,-0.01669935025730529,-0.03616728623747989,0.013538412788057341,1.1798748023051386,5392.075781350273
17,HINNPerf.csv,0.01649133999011282,6.066666666666666,-0.04342520995144761,-0.028699688849930904,0.13943232362813252,-0.01685183008945501,-0.030487530288102915,0.017823520055931796,1.2928042515627065,5453.919605986934
17,kNN.csv,-0.23634772837307327,5.862068965517241,0.011999573407642017,0.37616471204698976,-0.7487474748784302,-0.16860382310386668,-0.054353165287761906,-0.0030467470149264653,14.26036281584604,7548.2769237275115
17,SVR.csv,-0.13052816096694408,6.793103448275862,-0.039114351976532236,1.2100163724676896,-3.3641205780812307,-0.02095102294126394,-0.008182171757844636,0.016361045557833576,22.44277399263169,6317.258264206824
17,DeepPerf.csv,0.017156730717263924,6.137931034482759,-0.013830408393557037,-0.025331481974530057,0.12629806980146796,-0.0072301208006806394,-0.0217329469275771,0.007917663860438795,218.554410114367,5477.287847459477
18,SPLConqueror.csv,0.10263924929308188,7.9655172413793105,-0.04244399806809307,2.319394360777902,-4.605556035779882,-0.009242088007321736,-0.0008404315881378466,0.01762685015075316,24.756110931389294,9463.522153497575
18,DT.csv,0.008897024338357817,2.9655172413793105,0.19014231640392282,0.0455070487964071,-0.30964021451401447,0.5515883993832914,0.0027114804559131844,-0.05985419189779151,1.423872459930504,5556.886698553519
18,DECART.csv,0.010814211267182017,1.1724137931034482,0.26342420640838166,0.0388854969592205,-0.2884848157791975,0.9951994647572932,-0.03786200763275982,-0.08499277218030177,1.25694758215138,5492.807719615311
18,DaL.csv,-0.0016542815261363364,6.517241379310345,-0.040644149267262786,0.03064507492688895,-0.26782390507597187,-0.04613904580980244,-0.028163934815897185,0.016963012460635696,1.251376918987491,5399.783097446306
18,LR.csv,0.08383515896892857,7.448275862068965,-0.010466634913357253,2.3087201099972168,-4.599256583284568,0.030352893577789808,0.0024741112719154357,0.007324939497828753,25.137190023818675,9697.574660710696
18,GP.csv,-0.035174732767790706,6.620689655172414,-0.04620617171566538,0.42695001767256113,-1.3564717610527306,-0.10026426564848756,-0.028157542299614535,0.01826908292427054,12.595139067186047,7848.977925514748
18,RF.csv,0.007105218771966237,6.137931034482759,-0.03299367901410427,0.03163090927996892,-0.2667281019348251,-0.028748630289221477,-0.03589904169413727,0.013862235791472721,1.0895887723133935,5342.087517462466
18,HINNPerf.csv,-0.00667091547855686,5.766666666666667,-0.042503646808235984,0.035863848096603146,-0.289760315667269,-0.019020802785231994,-0.021311568669554415,0.017517716237667846,1.306980503946852,5403.613780416962
18,kNN.csv,-0.23505972705380673,6.655172413793103,0.011787390078277782,0.3696844442099325,-0.783869033620888,-0.16868758264713857,-0.05284443553269347,-0.0029753904671684372,14.730886744330993,7516.54136128218
18,SVR.csv,-0.13706367028349553,7.275862068965517,-0.03897858432172929,1.1907965633123778,-3.3629039720240215,-0.017488668695010423,-0.010313099179007135,0.01629875464383468,24.622540574369246,6351.505124672543
18,DeepPerf.csv,-0.0027177271735657205,5.0344827586206895,-0.01219897083666266,0.033756885113474855,-0.2786266659261676,0.00014031717445861513,-0.0210935054639535,0.007629487226842424,218.637278611141,5390.557637078962
19,SPLConqueror.csv,0.06627021699199231,8.068965517241379,-0.04688204239066812,2.3199866559520497,-4.607488135213531,-0.039292206514242145,-0.0004312239392733064,0.019060602255685732,20.944847961277922,9487.401839614628
19,DT.csv,0.028426297976420878,2.586206896551724,0.20223008907990342,0.00555665167791064,-0.010110522598457017,0.6446106655735288,0.0016052411887954587,-0.06394602136246197,1.4436125186340638,5583.863881426613
19,DECART.csv,0.028211606867560024,1.5517241379310345,0.2770848065607679,-0.001223196425577111,0.011212868918485164,0.9958576934126754,-0.0420345537251654,-0.08902727769035768,1.283627465441929,5518.887252752633
19,DaL.csv,0.005512430880452668,6.862068965517241,-0.042612409312028976,-0.004646729636785363,0.010574245150907657,-0.0365757475736852,-0.02817051179327268,0.017586563071153805,1.2036143136541944,5464.208930098947
19,LR.csv,0.06959636778653733,7.586206896551724,-0.017961306218381157,2.3189541980271295,-4.5849498622220475,0.052466977415072,0.0043955881804894625,0.009582051516692003,21.495516160766055,9823.26939196122
19,GP.csv,-0.08386074092987184,6.620689655172414,-0.04651109251415736,0.466251412775732,-1.4540544912763296,-0.07829722288368601,-0.029048107569113246,0.01825683073760609,11.82425313880185,7940.306765903178
19,RF.csv,0.03396920366226097,6.068965517241379,-0.033088642182491024,-0.00579295931293311,0.020637238940969915,-0.029228330195262053,-0.0380576104003254,0.01389042331021062,1.147781987548332,5381.591580476464
19,HINNPerf.csv,0.019781918030099876,7.2,-0.041631568378550976,-0.006385667897274239,0.023044547250877123,-0.04290633705525271,-0.03896745527574663,0.017132795733457717,1.2206104725532512,5447.225601526137
19,kNN.csv,-0.24853090904728473,5.689655172413793,0.012426907665382403,0.39178787309968377,-0.8299165280162963,-0.15488638981816016,-0.05371845926009311,-0.003194408689948469,12.74217975069388,7576.521151191008
19,SVR.csv,-0.15849175179702352,8.620689655172415,-0.03901196981061528,1.1907028644424154,-3.354032119453522,-0.030900795168851136,-0.009361185618308232,0.016321081350695432,19.493673778209548,6398.753123212486
19,DeepPerf.csv,0.0004429379369660924,6.448275862068965,-0.012491279339353067,0.000817492848137924,-0.013695302571163914,-0.00960143775624167,-0.021732014554883494,0.007655231902203408,218.6422310069029,5475.8083925183855
20,SPLConqueror.csv,0.07166560041394576,7.310344827586207,-0.04320907593707385,2.319649577503194,-4.60659440328411,-0.04136349327287381,0.012521368098855623,0.017846194811006244,22.932705227892345,11926.961768179674
20,DT.csv,-0.0014366548214252428,2.413793103448276,0.22432757588783708,-0.0002578694527612946,-0.0007478591075420482,0.6293837187347345,-0.009133052101589323,-0.06906140216218049,1.4169789101701182,7030.54149175861
20,DECART.csv,-0.0009079744338071349,0.9655172413793104,0.3068529268685311,-0.00719770018642496,0.022419181132242727,1.0571584262015565,-0.06318199752933096,-0.09561630968358736,1.2555517092007207,6949.7959768640785
20,DaL.csv,0.00507412335162305,6.068965517241379,-0.04587257258868643,-0.011495224896002298,0.024560174184608208,-0.044535316881140874,-0.027123509087745634,0.01857371628611537,1.2764530445440387,6867.408289211983
20,LR.csv,0.0647856223813339,7.448275862068965,-0.0035337666158969383,2.3177123674227738,-4.5632245439485395,-0.016610405027570163,0.01018659215540485,0.00519125903006501,23.48817046271549,12384.039387554978
20,GP.csv,-0.0619902479752264,6.827586206896552,-0.049089760485786005,0.4824536360101921,-1.497667194627129,-0.04339005467105095,-0.028257094040227915,0.019139271826395188,13.302913384964405,10014.551435204266
20,RF.csv,-0.0012766518841715313,5.689655172413793,-0.037017050624126246,-0.012899577992975253,0.0396941014360479,-0.021662020184744724,-0.03732510664472677,0.01513813401469144,1.152233109651405,6774.907764119274
20,HINNPerf.csv,0.006441004658827687,5.483870967741935,-0.04349327329523861,-0.009148758583248817,0.018667330122425163,-0.03696495518200593,-0.032483009846069555,0.017715691812140943,1.3156972787869168,6868.036943507153
20,kNN.csv,-0.26085855525227686,6.586206896551724,0.0064114480234873095,0.36893994625596105,-0.7637818746958733,-0.14236612023626416,-0.05255590123930998,-0.0011261828464601553,13.822172213007306,9558.694932044573
20,SVR.csv,-0.13795352170553787,7.551724137931035,-0.04226620873629261,1.1997886024971451,-3.3631053596815743,-0.010036141002611854,-0.010022107260246771,0.017294401037982188,22.231172720902585,7985.845563187728
20,DeepPerf.csv,0.004594915722018922,5.551724137931035,-0.011061373048149914,-0.0022069973611551497,-0.016881733730303772,-0.010272308610996594,-0.023535729612153555,0.007074281116478343,219.05796522846828,6891.721950880097
21,SPLConqueror.csv,0.087462030041497,6.068965517241379,-0.0469384267718978,2.3203549279513287,-4.598909637760136,-0.024475629441432334,-0.004803572986965876,0.019093285380203384,22.980564693647494,9511.39341756863
21,DT.csv,-0.0077931177295424425,2.1724137931034484,0.2059484906420475,0.00029311876880289134,-0.002896253997235476,0.5337433953754406,0.001045956975835316,-0.06417062733739176,1.418879467819807,5562.842988787669
21,DECART.csv,-0.005133316072196248,0.9655172413793104,0.28486659307021117,-0.006770410345707578,0.019921744508107686,0.9698140850785634,-0.04689612430647294,-0.08973584910312515,1.2546675704526156,5500.124698510488
21,DaL.csv,0.004915025438705201,5.517241379310345,-0.040012792577441336,-0.00930689652830008,0.014935630723869942,-0.026397807770836224,-0.03432253431740151,0.016776946422028316,1.331999263068684,5455.64007475382
21,LR.csv,0.06541550517838979,6.0,-0.020257485953982968,2.323113626400979,-4.5723071788949445,0.007834960958491455,0.006393893524896721,0.01064861140410256,23.440346209094862,9751.220803462595
21,GP.csv,-0.0672720506427052,6.275862068965517,-0.04636271256355301,0.4468982411765561,-1.3857147932652447,-0.0944399559877267,-0.029329470913379785,0.01829287574681815,12.604346981377603,7965.561526117467
21,RF.csv,-0.0073796732124072895,6.0344827586206895,-0.033018903605707084,-0.012371261402467582,0.03790542401287578,-0.03269776344044051,-0.037177874976113134,0.013890972439841609,1.1676620751357583,5361.93967687298
21,HINNPerf.csv,0.0008669300800760449,5.833333333333333,-0.04126007444222124,-0.008252364195171502,0.011742331356620284,-0.02710889969866115,-0.038027481112818395,0.017097217533815545,1.2895639621591557,5409.217672497256
21,kNN.csv,-0.25864573785491607,6.620689655172414,0.012650961390794913,0.37560588451975363,-0.7665281046132497,-0.23169362991746478,-0.05399470523763794,-0.003328101815520901,14.270743555088952,7510.031276267888
21,SVR.csv,-0.13146710015389823,6.689655172413793,-0.0389644882264219,1.1936996712274803,-3.337045157127605,-0.021027894115458468,-0.011558105433512877,0.016329063388773046,22.203593966564725,6347.87374869333
21,DeepPerf.csv,0.007897866398331177,5.655172413793103,-0.010416185730151739,-0.002218541888519887,-0.013961810075727499,-0.03784974970649102,-0.023080699516729863,0.007013064208213571,218.7745368176459,5442.84613889402
22,SPLConqueror.csv,0.07364735448440662,6.724137931034483,-0.03379715644662662,2.320331421660627,-4.606909980679589,-0.019390012181771388,-0.007802002988007373,0.014976880025611372,22.97781354752781,9457.126184535693
22,DT.csv,-0.007646750365727817,2.7241379310344827,0.20950515805803288,-0.00023609742139951706,-0.0009029823418522653,0.5099163139287729,-0.000625106751426574,-0.06496363255817195,1.423227118885842,5570.107797292215
22,DECART.csv,-0.0036758265370027132,1.103448275862069,0.2893565703754976,-0.005503594824019409,0.012318716718390021,1.013491427507196,-0.04863730968904145,-0.09130057890217758,1.2671781447426138,5509.401939771094
22,DaL.csv,0.003953456114167864,5.620689655172414,-0.04047499612357386,-0.010971538118055957,0.023435287870139376,-0.06142344154098722,-0.03163949534237942,0.016903049873028597,1.303837078291129,5453.755667186739
22,LR.csv,0.05926802110595508,7.137931034482759,-0.00951255183097155,2.330681198237484,-4.4965785686761786,0.020816817364400664,0.005400734033548571,0.0071730797037158345,25.072756822610128,10344.002753189983
22,GP.csv,-0.09110527152858944,6.241379310344827,-0.046499222118108974,0.4545478417028632,-1.4286150102644024,-0.08162712513859871,-0.029710398264246485,0.01831627633876587,12.517151738401106,7926.285730077581
22,RF.csv,-0.006191216946415501,5.793103448275862,-0.03330750260963239,-0.010307212855149572,0.02806593418965253,-0.03326216044522601,-0.03867762724584012,0.013964034168316597,1.1732070563404846,5383.4843284805675
22,HINNPerf.csv,-0.002833192751492908,5.241379310344827,-0.0403674206593857,-0.008771199972235966,0.016188414286801844,-0.038438694465875,-0.03083670289025897,0.016793528037285732,1.2745844385738303,5435.636759203822
22,kNN.csv,-0.2506673240566281,6.241379310344827,0.012778568148314573,0.37393681867143447,-0.7539876816309623,-0.17481173538597405,-0.05379317022923402,-0.0032824616380067173,14.23089928365974,7485.3160648746825
22,SVR.csv,-0.1568656678229125,7.344827586206897,-0.03921821794195529,1.1990188478111745,-3.384019257870797,-0.04667769101307406,-0.013425908408534526,0.01640732992852878,22.11912505569554,6372.134902599691
22,DeepPerf.csv,-0.0003922739284987209,5.482758620689655,-0.02102609409811329,-0.004243481171932295,-0.006026376123530852,-0.02130164140277291,-0.024666062936257616,0.01036867736106073,219.128643534964,5467.525845190746
23,SPLConqueror.csv,0.07532100242899553,6.896551724137931,-0.03457763498680538,2.3207988962744355,-4.6002798364383874,-0.034459216460912656,-0.0040513182835481,0.015173905266956278,22.989357933711776,9454.743342748041
23,DT.csv,-0.007868114967341078,2.793103448275862,0.21732997475315147,-5.64600077930244e-05,-0.0015578260070734373,0.5542311077173089,-0.0034016195117668735,-0.06706272262038404,1.4169819932405916,5583.809047615868
23,DECART.csv,-0.006867997362857148,0.8275862068965517,0.2941299533864385,-0.0071310851126651364,0.02267618560702278,1.006079699721382,-0.049852657943892376,-0.09287666935259453,1.2574931641019913,5528.186105553045
23,DaL.csv,0.002244391150889924,5.517241379310345,-0.040277650789270036,-0.010387761313093602,0.018346040254007434,-0.02589924784208153,-0.03345614513512063,0.01685601615227106,1.3503700776877798,5465.688818309492
23,LR.csv,0.06461475792750138,6.793103448275862,0.006867852815991782,2.320252774187048,-4.567878511578589,0.03241638530942448,0.012585748866201452,0.0019007407443070168,23.88102651133182,9903.843399800131
23,GP.csv,-0.06151765582759722,6.620689655172414,-0.04613569123912842,0.4454701642104659,-1.396940732692388,-0.08580408643964221,-0.030824808095328282,0.018166847891676552,12.553817872202607,7914.453960297977
23,RF.csv,-0.005586319072151624,5.827586206896552,-0.033233312634330214,-0.011591443907280397,0.034242522286148436,-0.03903026861137604,-0.038643311762450394,0.013921310927532127,1.1736308273712832,5398.700554421685
23,HINNPerf.csv,0.0009273809256618581,5.551724137931035,-0.04327492579147729,-0.008053518506201396,0.012001129756489703,-0.022168036581397654,-0.024528234556831396,0.017756336605804446,1.3071709970892404,5467.156390242238
23,kNN.csv,-0.23078304282993284,6.862068965517241,0.012750375957699844,0.37502247487530127,-0.7589441931985696,-0.17331160559312864,-0.054568684963735015,-0.0032208251876407745,14.077627822444281,7533.153864815479
23,SVR.csv,-0.14331897432007912,7.137931034482759,-0.03909654638245974,1.1952941039030005,-3.3352827358954986,-0.031205767100055293,-0.01243643655919191,0.01633109367280039,22.18945606842914,6345.283266228501
23,DeepPerf.csv,0.005495412455596205,6.0344827586206895,-0.011431846492038322,-0.004604606889637264,-0.00013523076918975363,-0.019561449518057494,-0.022522462487675754,0.007327015664843284,219.1571716651035,5500.346258710831
24,SPLConqueror.csv,0.10651699100682921,7.0,-0.04134895403263322,2.3195391322762102,-4.606388337019679,-0.019762721247398973,0.007416191656884896,0.01725809083701757,22.942182188179952,9551.754753908142
24,DT.csv,-0.00802739901195565,2.689655172413793,0.21398623256628319,0.00010422583802505159,-0.0009875175795297508,0.5313099216618343,-0.001887903091010279,-0.06616183034141443,1.4140923714235165,5572.836851792913
24,DECART.csv,-0.006895945990099794,1.1379310344827587,0.2924562275436218,-0.006955660009287712,0.022475347233848808,0.9779280360493546,-0.05028773183297264,-0.09207040252358001,1.250947274305693,5520.5139681176015
24,DaL.csv,0.0009925252912137972,5.586206896551724,-0.04317031792630116,-0.008490358953330723,0.010392613509853987,-0.009946214865607761,-0.03471509540926976,0.017787641132013143,1.3133655880659345,5462.057618160519
24,LR.csv,0.07130426137926116,6.344827586206897,0.0072306417952193724,2.3204768952696893,-4.586274930578683,0.0022148069076193266,0.009968441308578324,0.001782311586434271,23.42412509489161,9807.828042475247
24,GP.csv,-0.07416236120555353,6.241379310344827,-0.04626849129491928,0.45168543140869954,-1.410253398255069,-0.06661343533132491,-0.028232136281163056,0.018258121212709644,12.514846289127034,7923.087689583209
24,RF.csv,-0.006765004470484948,6.241379310344827,-0.031394885046342746,-0.012748187818723888,0.037338693757102526,-0.02383748850126044,-0.03735204038565232,0.013307173119881832,1.1288396909212337,5385.737920944647
24,HINNPerf.csv,0.0014729862451963727,5.344827586206897,-0.041310375245476094,-0.00759221983489855,0.010500534570632603,-0.024667582779261177,-0.027296936780170977,0.01709718531142168,1.3013978116279803,5461.211131315515
24,kNN.csv,-0.24983986983771925,6.103448275862069,0.012200628240710831,0.38990563089276487,-0.8543343530081899,-0.18093369015125937,-0.05448601808557274,-0.0031335463882654624,14.111944954407317,7553.896108809985
24,SVR.csv,-0.13365123930986572,7.103448275862069,-0.038797560781992035,1.1944008634141372,-3.3628609176850537,-0.03677245962765119,-0.0072709977978047124,0.016253984054046988,22.09964700777873,6388.246703924872
24,DeepPerf.csv,0.0030185550988992005,6.379310344827586,0.016935432464494526,-0.0056875230893775885,0.004622911546919184,-0.018593287838283512,-0.0402254964971025,-0.0016678816468307378,218.95324859634206,5506.025438258732
25,SPLConqueror.csv,0.07310342693654326,6.586206896551724,-0.04295813459693698,2.3191832937199095,-4.611472905756391,-0.025535393381392435,0.002439809694736117,0.01778123075827287,22.99340382559011,9519.951848480328
25,DT.csv,-0.008468935248278908,2.7586206896551726,0.20726758840291987,5.613192012354773e-05,-0.0014356231681267317,0.5801737422600955,0.0014103236742449843,-0.06442933449121957,1.4173014227463467,5584.67909126183
25,DECART.csv,-0.006207885682331493,1.1724137931034482,0.2853874066968323,-0.006858234318014134,0.021454093669174057,1.0080605214172245,-0.045393032551547474,-0.09022997848482295,1.246970041670294,5514.409740846999
25,DaL.csv,0.00203674553492339,5.448275862068965,-0.035484978384750676,-0.0084115687030204,0.010451311749515746,-0.009534053347622029,-0.03499642747733489,0.01529874482792748,1.308046111418898,5444.191609707313
25,LR.csv,0.058780312664145296,6.241379310344827,-0.018370834882049047,2.320076013892608,-4.584064136477453,-0.010094460266493965,0.0007645262509500261,0.00994776959773902,23.487836342322844,9761.940118303335
25,GP.csv,-0.08478867897654896,7.0,-0.04636642206231811,0.44516703052057927,-1.4083175858049723,-0.10356865867289111,-0.02909382683737427,0.018238417781436422,12.54320747709533,7952.423504571215
25,RF.csv,-0.007320771432993978,6.206896551724138,-0.033212539441245637,-0.012244615647934776,0.03468175813775165,-0.0294025721087523,-0.03761017981888837,0.01392816339656533,1.1299893290863678,5376.246103727971
25,HINNPerf.csv,0.002891204637635647,5.655172413793103,-0.04221697674366848,-0.006822170137895878,0.004924797364054712,-0.022873064378731933,-0.028341669537095826,0.017401556913757887,1.3314803485739783,5446.10624746363
25,kNN.csv,-0.26262843678583686,6.0,0.012210272937500155,0.3855321581120015,-0.8166010555426051,-0.1583446548441303,-0.05491692140186766,-0.0031123577272712533,14.223569208214576,7579.144349209245
25,SVR.csv,-0.15704964614540834,7.172413793103448,-0.03901196981061522,1.1934101145851053,-3.375314685141623,-0.04332702199815919,-0.011493566615748296,0.016326249090415024,22.11122438833043,6403.63418406978
25,DeepPerf.csv,0.00030043517968314504,6.482758620689655,-0.02018997307645798,-0.004415372738165946,-0.0031235604708843567,-0.005398772488409365,-0.022595371243169682,0.010037452690183746,218.48135569963142,5442.6036704748385
26,SPLConqueror.csv,0.10501847362335925,7.448275862068965,-0.041583971493450944,2.319150948729708,-4.603434908508965,-0.028417059239677633,-0.004830751213150575,0.017380542869493865,22.97236005839568,11966.79901184687
26,DT.csv,-0.00020037068069872488,2.2413793103448274,0.21188279022649453,-0.0018260309541511255,0.006696884202669118,0.6820172553560123,-0.002668053986331742,-0.06577177987262439,1.4263032897384007,7024.032799277784
26,DECART.csv,-0.0009697963213646799,1.3448275862068966,0.2834215860571227,-0.0073714145440013645,0.02430542942256242,1.020185664201326,-0.047959781326321504,-0.08909390876917755,1.270178620407516,6960.919083242968
26,DaL.csv,0.007056701862730219,5.448275862068965,-0.03186577616132169,-0.007569854371457296,0.006333580783200787,-0.031827334134343355,-0.04870796554064816,0.013990632047149232,1.325926481203273,6841.105510318765
26,LR.csv,0.07142015431754578,6.689655172413793,-0.01263163906170861,2.316928609317272,-4.548513061788318,0.026922312757845512,0.011979628388012031,0.008197848341181313,23.77601069641439,12438.384534737199
26,GP.csv,-0.0735217776589181,6.758620689655173,-0.049105091659782385,0.485348078483272,-1.4966869464923165,-0.08649911449584857,-0.028468997834722676,0.019154128517131053,13.369060975661432,10026.941765714897
26,RF.csv,0.0016509019981984507,6.103448275862069,-0.03662610568721697,-0.011235678220428813,0.031228444265694932,-0.029639978275501577,-0.03720398267837244,0.015039326396632524,1.156121882058484,6790.8730631862545
26,HINNPerf.csv,0.009889735991261583,6.206896551724138,-0.04444854238863227,-0.0064782034186610105,0.005894855556623391,-0.011932796425503267,-0.028920655583699162,0.018033903258780404,1.337283309317911,6853.351793835805
26,kNN.csv,-0.26648161787658187,6.655172413793103,0.006333612832428559,0.3690225392361737,-0.7641111654532535,-0.16744469313150945,-0.052418789872154425,-0.0011203669966536323,13.85907594743693,9556.582991477639
26,SVR.csv,-0.12061810800232736,7.172413793103448,-0.04201383402588971,1.1986519195026322,-3.3707853291644696,-0.02615654258445499,-0.010850107905411854,0.017215656482293396,22.18387346150957,8054.1858185461215
26,DeepPerf.csv,0.006834018721230795,6.172413793103448,-0.015625935275321357,-0.002034652126516878,-0.01993794636298407,-0.019705295337772655,-0.022328037074579088,0.008676614986954156,219.3012310007751,6908.690720099346
27,SPLConqueror.csv,0.08135989151145417,6.793103448275862,-0.026098462709521764,2.3210940906614157,-4.600799443811448,-0.016767970188733772,-0.0025921196731976126,0.012548892715549487,22.94341243357895,9498.675441115047
27,DT.csv,-0.007525886707546781,2.689655172413793,0.20893018574944117,0.0009216203799464751,-0.0032630971740337245,0.594552290695563,-0.0007470423619715394,-0.06503278394720502,1.4107177587628301,5586.047643318341
27,DECART.csv,-0.00756217211479665,0.9655172413793104,0.2940565053108893,-0.0069957846149040215,0.023769001148061797,1.0392054686062648,-0.051924699599009916,-0.09298281736619152,1.2388006857988882,5521.920325159824
27,DaL.csv,-0.0013818496477674969,6.068965517241379,-0.035740933799543184,-0.01095793992161953,0.0232070406863647,-0.030670960077136655,-0.03645893489327057,0.015372482226491013,1.254841097376028,5438.914857358643
27,LR.csv,0.04901878851307273,6.9655172413793105,-0.003809568429494703,2.3211863870267186,-4.573720464494526,0.01006569085050335,0.0057727991130506195,0.005282778377747821,24.00739117436216,9898.422150604163
27,GP.csv,-0.07021912683565179,7.0,-0.046471771827247155,0.4602334937669068,-1.41938469598393,-0.043117024133496495,-0.029707426682881177,0.018321823058380926,12.581754296590695,7859.416958789694
27,RF.csv,-0.0054242528976021775,5.586206896551724,-0.03366287259132972,-0.011311489384069784,0.032492688304579964,-0.020450788440346757,-0.03612640671172551,0.014061992019231973,1.1260337898168855,5382.050262224467
27,HINNPerf.csv,0.0018517868061978526,5.551724137931035,-0.04171174301186081,-0.008161322298543716,0.016470748827466686,-0.03694767827268475,-0.030644593281379695,0.01723695488521404,1.2717574650028405,5435.471720636164
27,kNN.csv,-0.24729767357860014,6.068965517241379,0.011923157733080725,0.403156686277897,-0.9151183155742442,-0.18367685300187409,-0.054297958763391274,-0.0030254892531981215,14.011636052699295,7578.826586867929
27,SVR.csv,-0.1445088828608761,6.655172413793103,-0.03931614870935407,1.1960205958396082,-3.352415779654116,-0.03574681692455639,-0.010489623850865937,0.016422245900046484,22.09077228097151,6401.191844889536
27,DeepPerf.csv,0.000762716145845943,5.275862068965517,-0.011526067760672054,-0.0048423737508538345,-0.0010156721833096682,-0.0268599905824648,-0.02171428871938219,0.007344580333556672,218.67495191944568,5475.435008468785
28,SPLConqueror.csv,0.07666477046648479,7.620689655172414,-0.043217057610741516,2.320529014253828,-4.600319529554793,-0.04094517543742149,-0.0002398985111512486,0.017865395728314137,22.904592930134093,9458.359273116297
28,DT.csv,-0.008448383146427707,2.7241379310344827,0.2002455072405706,-0.0009358060739552698,0.00371257607984532,0.593063045021918,0.0020030128017247684,-0.06264982134105546,1.4140355725290854,5560.576013193943
28,DECART.csv,-0.007247291912480691,0.5517241379310345,0.28007169496643275,-0.008041987412852336,0.02687213243561537,1.0757705310487138,-0.04237144872697829,-0.08984342592013261,1.248255441252566,5488.861916876069
28,DaL.csv,0.0032151838488980733,5.793103448275862,-0.0404712866248087,-0.007881939365536716,0.005657789592177664,-0.01589847358298846,-0.030966353876609065,0.016886409758214538,1.3279942952318633,5460.198143618437
28,LR.csv,0.07850848341445094,7.275862068965517,0.027833197936628473,2.3204331082134506,-4.559186215354552,-0.01111449877490156,0.007334590459068591,-0.004330141895463435,24.416690708902273,10008.694059831247
28,GP.csv,-0.0737270593255282,6.758620689655173,-0.046294457786275,0.4439379627107407,-1.388435732606626,-0.07998881406298552,-0.02884136432354445,0.018232880622187864,12.552391831492516,7879.586507365952
28,RF.csv,-0.00686639522695448,5.448275862068965,-0.031978018252217744,-0.012429119755092533,0.03670952216382606,-0.040554931971940156,-0.036988770773990653,0.013543407125424567,1.1384794524511657,5360.351531392376
28,HINNPerf.csv,0.0005368424396323124,5.517241379310345,-0.04161010274569682,-0.008248222849516207,0.012777328498005502,-0.01982876439237269,-0.031221076239415946,0.017199830698203633,1.2870418125112724,5409.91285793881
28,kNN.csv,-0.24355613928746558,5.551724137931035,0.012464744552786455,0.3932499435741639,-0.8579922023657187,-0.10151228332149109,-0.05456169578522019,-0.003205176437245272,14.062260531461341,7579.565631048801
28,SVR.csv,-0.13454697948447142,8.03448275862069,-0.03969154998438301,1.1873308232574815,-3.3204007349131492,-0.018809408207659417,-0.00926348786278719,0.016555384461117484,22.14565701866664,6341.122550710703
28,DeepPerf.csv,0.00632608136363455,5.655172413793103,-0.01245195865244303,-0.007182293268984452,0.014495255962870601,-0.03171524529264891,-0.02444024523631383,0.0075892984982107725,219.39856694016333,5460.877006375145
29,SPLConqueror.csv,0.0940130471110402,6.857142857142857,-0.038903096021859374,2.3190075514309343,-4.608065860943028,-0.0324730337819491,-0.0026539115627841614,0.016598960589940925,22.948296330012653,9475.618231582312
29,DT.csv,-0.007544924375428141,2.5517241379310347,0.2099710711029305,-0.001217544322764219,0.00515212021695266,0.5341319068551506,0.0003881415292112944,-0.06525233452161494,1.4255084315949869,5576.232233170191
29,DECART.csv,-0.007498367188881472,0.896551724137931,0.2926172197900277,-0.0082984039904197,0.028795887447151003,0.9723754742664249,-0.05046702961836502,-0.09234849212596785,1.2764062104184648,5517.758876645071
29,DaL.csv,0.0015602029302115294,5.517241379310345,-0.04191428164443567,-0.007964574434752514,0.009804504673528669,-0.004878866940312032,-0.02349913160528727,0.017368263140971618,1.312293281904767,5444.550192856839
29,LR.csv,0.06160801557837825,6.517241379310345,0.0029676858143574125,2.317827831179751,-4.562596831051948,0.0407714468178898,0.005173372410013699,0.0032108050795267573,24.12167381258565,9926.472581981776
29,GP.csv,-0.0864169617628433,6.758620689655173,-0.04608079065740478,0.44842123234385545,-1.4054195592164302,-0.05891594809277312,-0.0292105680799285,0.0181789891262778,12.53911552019951,7861.38512980649
29,RF.csv,-0.005331142939375033,5.75,-0.032876564838805855,-0.01166257389151637,0.03310434059749401,-0.045464915946966666,-0.035896281387258644,0.013845869578949732,1.1443858020352395,5370.631824510608
29,HINNPerf.csv,-0.000622705107484578,5.379310344827586,-0.04060482858035264,-0.012025046999180944,0.03198382409796974,-0.029393880025767594,-0.03851737645697062,0.016883686590771996,1.2512890516889323,5429.863598020909
29,kNN.csv,-0.2329966011355849,5.758620689655173,0.012111600270348244,0.37663483506182494,-0.770721391540063,-0.14654289003030574,-0.05463871612458415,-0.0030421072979790464,14.025635801908802,7559.001265680979
29,SVR.csv,-0.14448433388591603,6.896551724137931,-0.039554298530074083,1.1968543821486455,-3.3411106303543407,-0.043756851330447155,-0.010686479474504407,0.016518107995370235,22.208579206675267,6322.102548351461
29,DeepPerf.csv,0.002647667737185222,6.275862068965517,-0.016866262182921365,-0.002563390901693552,-0.01603062735539451,-0.015381552100221074,-0.02319219487103774,0.009053535918392752,218.74396273564096,5480.758636269551
30,SPLConqueror.csv,0.07388259973240374,7.0344827586206895,-0.03460582717742011,2.3201345398065807,-4.604255979304368,-0.036269233066757334,-0.0007827312638514217,0.01518749108289874,22.981491517063557,9447.054137908777
30,DT.csv,-0.007644843911003063,2.0344827586206895,0.18901091928056496,0.00010254520485686314,-0.0022108426077309673,0.563494495400599,0.005924116674858926,-0.059385310925123114,1.4654351386332918,5572.121046879903
30,DECART.csv,-0.006766064204186961,0.9655172413793104,0.2588081061450814,-0.007144674373081639,0.022355899313770244,0.9063960322269192,-0.029693000744440257,-0.08246288772648747,1.3124343894042314,5515.45631953919
30,DaL.csv,0.0008745441718920333,5.241379310344827,-0.039233055937015704,-0.01133095407590412,0.026649282999580137,-0.017441837218067358,-0.028574713767768434,0.01651275994098078,1.311259140654438,5457.17416764412
30,LR.csv,0.042321805564443205,6.827586206896552,-0.005438038387377109,2.3127826920131622,-4.54189008607846,-0.01764066527773822,0.006799228583443617,0.005765790783881175,23.760463814495978,9899.947681229414
30,GP.csv,-0.07989308300404896,6.793103448275862,-0.046448772934903515,0.4539590394345414,-1.4046716101464543,-0.05460155846386694,-0.02946290967591081,0.018273586585035972,12.641679358743387,7903.672338490279
30,RF.csv,-0.005704683400211963,5.862068965517241,-0.03128805148190772,-0.012117007871567775,0.035847499406137295,-0.03886718970947611,-0.03589774890340547,0.013249043414990558,1.171386405076296,5377.872525300637
30,HINNPerf.csv,0.000855084578589349,5.758620689655173,-0.041001003048466156,-0.0051141819027935576,-0.00543964374594097,-0.0280933845863649,-0.03407780287545148,0.01701311076008649,1.3717566283439755,5460.8808405130685
30,kNN.csv,-0.2590862850522466,5.931034482758621,0.01255599822240816,0.3931817184737505,-0.8616118185569048,-0.15341465960897005,-0.05405032263566245,-0.003276481544487564,14.088834913530208,7551.323701248841
30,SVR.csv,-0.12246880815422961,7.344827586206897,-0.038618021041760764,1.195867959666901,-3.355748684771006,-0.030740045654744086,-0.009063464388460063,0.01617317798130602,22.176241686862085,6362.4572291082895
30,DeepPerf.csv,0.002027234316577975,5.896551724137931,-0.02064475762506024,-0.0022943801186778856,-0.015239693921946795,-0.009959817166136475,-0.025193116881137123,0.01019325751846889,219.39507553000487,5474.2137450283435
31,SPLConqueror.csv,0.08435957001781313,6.896551724137931,-0.039483076153783936,2.319937781103788,-4.6026920725892495,-0.04015595794959881,0.0017027812044939639,0.016749581025658822,22.9655871802846,9483.132437266811
31,DT.csv,-0.0063632259114306255,2.8620689655172415,0.2063617288044805,0.0011526805551014263,-0.00443262222025087,0.5421713750409146,-0.0001325803366937217,-0.06416173323588859,1.4118055586725433,5589.779769284014
31,DECART.csv,-0.006681064709988027,1.1724137931034482,0.2834940785271212,-0.006868513160855461,0.02206703842993729,1.0312829661071032,-0.04553299761413332,-0.08996386098854059,1.248894721638663,5529.060543471243
31,DaL.csv,0.0025898615262207603,5.758620689655173,-0.03645686706120893,-0.009326266154973784,0.016564411361345677,-0.03967046292607679,-0.03233631085919886,0.015584775629389203,1.3704019385858464,5450.268649319565
31,LR.csv,0.06047222910758965,6.689655172413793,0.004508611601383161,2.322640406743382,-4.566818263284357,0.028455326961482008,0.007075444283769605,0.0027124127728909153,23.56571089665605,9803.404577224715
31,GP.csv,-0.06443513701473369,6.517241379310345,-0.04589754141840846,0.45475932922255513,-1.4222044061096462,-0.057162758480486686,-0.029642736998263697,0.018125878251519123,12.614232232524438,7961.324538853661
31,RF.csv,-0.006905511245077156,6.482758620689655,-0.03219539487985307,-0.011812236710802004,0.03364555792395052,-0.0513317196844828,-0.03520858338654709,0.013595883212239035,1.1352493334612872,5395.76067723577
31,HINNPerf.csv,4.2465000067326564e-05,6.379310344827586,-0.04118128468845039,-0.009296775218604836,0.020277137535344103,-0.027526232580181165,-0.030556052354645313,0.017067529068718224,1.2575715297109837,5447.1462210223235
31,kNN.csv,-0.251475741103104,6.655172413793103,0.012215466235771244,0.37740266107797216,-0.7723068545010303,-0.18902102344175964,-0.05416321204183605,-0.0031311507303575237,14.259630623061428,7554.5622138585395
31,SVR.csv,-0.14871370910501475,7.0344827586206895,-0.039062418993820736,1.1959938815425835,-3.360647485019053,0.03515103328200253,-0.010945601578380537,0.01634922918786008,22.158248883758358,6375.509906958352
31,DeepPerf.csv,0.0036303324163113326,6.551724137931035,-0.01908602624396183,-0.0013110727141776302,-0.02099722933417203,-0.019765785659480617,-0.02416859764350321,0.009785399059537347,218.97497488662256,5508.21463011475
32,SPLConqueror.csv,0.10292062654367806,6.931034482758621,-0.03868402096597012,2.3185535333159195,-4.610811694148018,-0.034484925794877164,-0.0003690131328345503,0.016376780006163938,22.97209942348529,11951.780914575287
32,DT.csv,-0.0020456236887123613,2.6551724137931036,0.22039984704205634,-0.0008010286062800631,0.0021563187152162655,0.5693562047940196,-0.006263080022733569,-0.06794401912722214,1.448777505285491,7018.283619643006
32,DECART.csv,-0.002903858281149363,1.206896551724138,0.29956472261483785,-0.008965926102295185,0.030453645767023474,1.024765694187535,-0.05853913606008676,-0.0938867854520945,1.2921689769815805,6946.5820550967
32,DaL.csv,0.005482227847308452,5.793103448275862,-0.03980083802555712,-0.009677565972631808,0.018253337212200016,-0.03237194186867376,-0.03107773468564934,0.016591051645123533,1.2559390172530651,6853.945661012412
32,LR.csv,0.06820115762806689,7.275862068965517,0.008960550530664912,2.3242904153394974,-4.54913342325467,0.015820883555912824,0.014079570579435319,0.0012105491784857314,23.938973496981088,12487.920009599673
32,GP.csv,-0.060508203893423984,6.586206896551724,-0.04934390417780393,0.47883552651303174,-1.4917841557188862,-0.050784081618160504,-0.028994249147543893,0.019232337833857804,13.269787441142372,10109.471765579274
32,RF.csv,-1.6720951585558197e-05,5.827586206896552,-0.0362693610615305,-0.012998956278277518,0.03783886699733152,-0.026437860442051875,-0.037602521270981626,0.014927638421134981,1.1581854162030911,6769.636399391235
32,HINNPerf.csv,0.0056229051253502416,6.551724137931035,-0.042862355540538855,-0.009849996459483812,0.01988891624952238,-0.043512584495150164,-0.028924342362232625,0.01749472027233545,1.2879731880314407,6858.555106430778
32,kNN.csv,-0.2619799401307017,6.655172413793103,0.006555914855376821,0.3641566841891868,-0.7378888168925646,-0.15055670710327063,-0.05238448446741628,-0.0011846119896992136,13.878932687794418,9552.310741079467
32,SVR.csv,-0.13621981128007737,6.827586206896552,-0.04264418114135876,1.196357027154067,-3.3657796340302255,-0.03423584539113622,-0.01117528339731233,0.017421577704023417,22.16797005610635,8001.295260721355
32,DeepPerf.csv,0.007812641157103561,6.379310344827586,-0.018893244318178515,-0.006299253027366447,0.0033738410639339023,-0.02031248820819065,-0.023012381815034955,0.009529445867112352,218.88907774849673,6881.747641210431
33,SPLConqueror.csv,0.06934106967044773,7.0,-0.028701788942874562,2.321139116281524,-4.599133185544353,-0.033279478919925,0.009315372806560362,0.013360065709866031,22.977260361299045,9474.768690495002
33,DT.csv,-0.007101386307418189,2.3448275862068964,0.21070480995866875,0.0013817597516170288,-0.0060309549798365225,0.6136754142966488,-0.001718982831943494,-0.06558965138539896,1.4099769609209034,5567.281798750787
33,DECART.csv,-0.007039146762728321,0.7931034482758621,0.28894259031331165,-0.005466018460006161,0.016319669691824856,1.0293284920308694,-0.05038310376490962,-0.09146980921071368,1.2473452808275525,5512.637179119084
33,DaL.csv,0.0032139155836830025,5.379310344827586,-0.04164200443507676,-0.008864035239469548,0.013005093965369419,-0.013139901623136718,-0.03452544353723097,0.017288426929649603,1.302943792812696,5440.848883923107
33,LR.csv,0.06012987274114823,7.344827586206897,-0.016590275474797356,2.316555169598162,-4.552226323025978,-0.006750264198700617,0.00840611234802291,0.009298648759059724,24.182604416058506,9976.813772033496
33,GP.csv,-0.06663960085843168,6.344827586206897,-0.04645767573193982,0.4580384265326163,-1.422797929030922,-0.1161703605849943,-0.030007551775367847,0.01831079574805372,12.66345392449455,7900.975843002143
33,RF.csv,-0.005548455000960073,5.724137931034483,-0.03299590471336328,-0.011181658141158568,0.03413858843617046,-0.03652210344832796,-0.03752890912873186,0.013859844300946556,1.1511050289822362,5377.397032846127
33,HINNPerf.csv,0.000399883551153446,6.482758620689655,-0.04266656799399954,-0.0064411662204486575,0.0062844493782963085,-0.01562384332872424,-0.03384994584820622,0.01755723559430744,1.3429668430184358,5454.7440698098
33,kNN.csv,-0.2439691106870135,6.172413793103448,0.012016637101961436,0.3869645638113033,-0.8228684900676746,-0.13852342750188706,-0.054512049630041526,-0.0030244525130637134,14.063529827792014,7561.956600348249
33,SVR.csv,-0.14101408469392923,6.896551724137931,-0.03896968152469299,1.1903611753328807,-3.2922332676762647,-0.021685547247173198,-0.010080039089526482,0.0163249935988945,22.228695459338358,6324.678787082931
33,DeepPerf.csv,0.0022951238991773537,5.862068965517241,-0.018010271602080574,-0.0011136748068829583,-0.018937648358372527,-0.013266120943305482,-0.025368882356543887,0.009345438957347518,219.10971688063776,5468.079342469086
34,SPLConqueror.csv,0.07480782068069447,7.344827586206897,-0.03075907695800334,2.319954502813018,-4.606407002349863,0.03642670499871925,-0.0010297748965306663,0.014065567232046994,22.940444010867505,9474.955888124485
34,DT.csv,-0.006405229885548536,2.0344827586206895,0.1994271918129878,-0.001381636976605094,0.005809009839564894,0.5348582623397616,0.0010360761743746227,-0.06221582446214724,1.4227789513390348,5576.414345076864
34,DECART.csv,-0.006129784338679667,0.7241379310344828,0.272035436841703,-0.00819453890910804,0.027704311073400767,0.9890137607694235,-0.03926419127639669,-0.08598903582941009,1.2611185060712478,5512.102311685441
34,DaL.csv,0.0033429666109628386,6.0,-0.042468480759942806,-0.008737997416429444,0.01235573350994379,-0.03969760077411111,-0.03536154770752187,0.017566553261615825,1.3322231156820572,5460.22015726791
34,LR.csv,0.04823976947787001,7.413793103448276,-0.01122263076168628,2.3211133692619264,-4.552131612444968,0.0187493243154655,0.005024638435289885,0.00772129724215409,24.614446059786623,10037.83121409669
34,GP.csv,-0.05529907591082933,6.517241379310345,-0.0461401426376466,0.45151002347689806,-1.408048940340283,-0.07871861905954047,-0.029669453872226192,0.018207856551575197,12.519800841665775,7879.090528091662
34,RF.csv,-0.005436245789258276,5.689655172413793,-0.031129284934761026,-0.014051471108111002,0.04261616455925665,-0.029426513604326465,-0.03777534112303471,0.013255952361683754,1.1462800217381568,5372.190356638631
34,HINNPerf.csv,0.0026868270751741474,5.241379310344827,-0.038033404036379836,-0.010558673016489273,0.024124075233414644,-0.022535256223999767,-0.03752957229389675,0.0160229648021063,1.3190122705392335,5434.150620487859
34,kNN.csv,-0.255367546894504,6.206896551724138,0.011868999051110107,0.38590552119382804,-0.8266310054271089,-0.11223594163449258,-0.05480974254332438,-0.00294872394051382,14.103412638414703,7584.831157712307
34,SVR.csv,-0.15859647383847797,7.448275862068965,-0.03957210412414658,1.1938430802548563,-3.3563949819063525,-0.03129276834460182,-0.012815299148969506,0.016525556807897357,22.118526824947736,6366.274261049298
34,DeepPerf.csv,0.0027830191385134206,5.8,-0.01901920580620642,-0.004956383524016061,0.0004789339383428626,-0.021919999257714595,-0.025571680958631715,0.00972313958322868,219.09212712609295,5464.902396781343
35,SPLConqueror.csv,0.07484075839426374,7.103448275862069,-0.043944861268455704,2.3200764923790036,-4.603430236355924,-0.017747193782507997,0.0013678183027273638,0.018112416542022003,22.952953518071237,9446.35851415285
35,DT.csv,-0.006485996889911305,2.896551724137931,0.2029170882512012,-0.00038156540852707366,0.002350135437943379,0.5448582793278968,0.0038919850550506174,-0.06342787089328139,1.4367729496128274,5580.4433110689215
35,DECART.csv,-0.0033942792241440367,1.3103448275862069,0.2769371685099165,-0.007046763920055099,0.023705062996869586,1.0193008440807736,-0.037835842329461467,-0.08769752434662359,1.279282152315817,5517.1667234219985
35,DaL.csv,0.0024275062904960953,5.793103448275862,-0.042468480759942695,-0.008770348355707114,0.01446799100696694,-0.012680866759743892,-0.02642941695742218,0.017550512235261162,1.3565832230103223,5455.814488708658
35,LR.csv,0.07245638767092655,7.0344827586206895,-0.014704366302616512,2.3255997697412187,-4.572065104245115,0.023704341828964526,0.011581221361547822,0.008764949195978367,24.266127062900527,9910.73111698201
35,GP.csv,-0.08155479159388018,6.724137931034483,-0.046383485756637644,0.45793256455145515,-1.4377540508023965,-0.06757802124853773,-0.02964903566223065,0.018286312301969865,12.593632768390375,7855.26032001104
35,RF.csv,-0.004561892996412575,6.137931034482759,-0.03181480030655298,-0.010402339109363723,0.030238224230616062,-0.03628644015065752,-0.03597496497120245,0.013475901039467608,1.1733881811720313,5376.388093696004
35,HINNPerf.csv,-0.0009359652493938775,5.655172413793103,-0.04212201357528167,-0.010327053030464217,0.024633451919934934,-0.03840855500476059,-0.024580790346264703,0.017381827718159326,1.2977658449829101,5453.423411091847
35,kNN.csv,-0.25774740833177084,6.310344827586207,0.012124954465902615,0.3781626765015451,-0.7802188482118346,-0.1419249831786008,-0.05467085250358794,-0.0031440945365752704,14.204090244300634,7567.44941096869
35,SVR.csv,-0.13967526290717402,7.620689655172414,-0.03926718332565471,1.1950446950940992,-3.361747279351925,-0.0423189964660734,-0.00992003257562668,0.01642260132738116,22.104156105997053,6342.734974118826
35,DeepPerf.csv,0.0036406983862989906,6.2,-0.010876460336926352,-0.005462708041842124,0.0015872061436379425,-0.017450030524134963,-0.02562104721999403,0.00710661569615012,218.679876438629,5454.776123267138
36,SPLConqueror.csv,0.07504894582822019,6.827586206896552,-0.046981456957573,2.3193453540732554,-4.604587844227718,-0.025541183357359443,-0.009765305857691642,0.019079533403609017,23.003540726028522,9498.031922462573
36,DT.csv,-0.008058091978854931,2.8275862068965516,0.19414560747122728,0.0013947615971678928,-0.008353735120305572,0.5620016783725058,0.0032395014217737605,-0.06083324112712396,1.4037089979098059,5570.6673202803495
36,DECART.csv,-0.009067786393975763,1.0344827586206897,0.2690856434236892,-0.00536611142303034,0.014411472213217813,0.9750143698329662,-0.03700229561073731,-0.08582471224088406,1.2423515404522372,5511.728371211027
36,DaL.csv,-0.0009040902983449284,5.517241379310345,-0.04365922986354237,-0.010365420914316914,0.020079748049977475,-0.021747724567289906,-0.03126129311623482,0.017970232327607638,1.2683840544876124,5453.0983907452455
36,LR.csv,0.061591661957965504,6.551724137931035,-0.023479556581355643,2.3154764878186906,-4.572956547384057,0.008954277585398018,0.0017368292633372917,0.011318482862711199,23.751256898383318,9902.96580732418
36,GP.csv,-0.0724423046188748,6.482758620689655,-0.04634861646824562,0.4527784752005495,-1.4100046190832365,-0.07566937167198207,-0.02980152681780468,0.01825870487067438,12.681248000479622,7992.626785845443
36,RF.csv,-0.006536429137144417,6.379310344827586,-0.03217239598750937,-0.010292161969585045,0.027087894552512815,-0.028666642847738455,-0.03732449316177333,0.013572838230803574,1.14460313524931,5379.769016930894
36,HINNPerf.csv,0.0027999270746889016,4.896551724137931,-0.03979096455128789,-0.00878774500136359,0.01665702291630211,-0.0034314671284958465,-0.02733245154054742,0.016604221021860655,1.2860040361922631,5448.880451757597
36,kNN.csv,-0.2682482039652717,6.413793103448276,0.012354943389339346,0.39089254002741836,-0.8446948018839335,-0.20962956067468885,-0.054140391626051554,-0.003118653675384442,14.223010189905622,7568.531588236735
36,SVR.csv,-0.14291992863377273,6.931034482758621,-0.03909728828221276,1.1937049368548853,-3.3224540908088787,-0.02027846664463817,-0.012094904510191018,0.01635351777249139,22.21613982427172,6347.022744420729
36,DeepPerf.csv,0.006679750010618268,5.733333333333333,-0.01689925199193909,-0.002162669761197833,-0.012937745855678529,-0.00513380873588809,-0.023840280620809562,0.009059063192245254,218.63644918228266,5465.737594038885
37,SPLConqueror.csv,0.07935617487940483,7.103448275862069,-0.04005879036212867,2.321004035504762,-4.601543648388272,-0.023355174579504534,-0.005704255268450864,0.01691842805014987,22.944633747912448,9490.376663246509
37,DT.csv,-0.007963042170085088,2.7586206896551726,0.21188517246572597,-3.533188066784376e-05,-0.0006010130543323555,0.48486849921871367,-0.0023502397847714462,-0.06559420996156651,1.4155711916308384,5564.943092579446
37,DECART.csv,-0.0075717198360906735,1.3793103448275863,0.2891317747503322,-0.007421076106534752,0.024334611155524932,0.9391911410077288,-0.04938365027081826,-0.09042521947860549,1.2577908841981127,5505.51120750862
37,DaL.csv,7.970976731708213e-05,5.896551724137931,-0.0434900767198535,-0.011181664063750318,0.02506413967921617,-0.038100568842939886,-0.026909564417095022,0.017908439852924563,1.2749076734870413,5455.529856642712
37,LR.csv,0.062360383565779665,7.0,-0.006312738196189549,2.3175094879500002,-4.557550712372705,0.014651166538860783,0.007414639878559837,0.006079810121132567,23.974396421358158,9966.501900376217
37,GP.csv,-0.07440608463364151,6.413793103448276,-0.04645693383218674,0.4614073077566063,-1.4510424531374366,-0.06034135300850685,-0.02938662635995437,0.018306105045768684,12.607617278491464,7936.283669080065
37,RF.csv,-0.006030534566684342,5.9655172413793105,-0.03149800911201278,-0.012785477183916427,0.03832992233537613,-0.04649683447670505,-0.035749167891398814,0.01336527993400749,1.141059568069303,5367.932496025273
37,HINNPerf.csv,0.003180150212484578,5.9655172413793105,-0.040170817224834954,-0.010376146491345661,0.022729268240446743,-0.03874484487479779,-0.034582545813225396,0.01673326236633954,1.312246931472693,5431.9390232593
37,kNN.csv,-0.2530730536080797,6.068965517241379,0.012620543500921066,0.3798680733651989,-0.7964133519638756,-0.1057352715169918,-0.05446786332822395,-0.0033019925180834964,14.09948810990948,7512.838237661651
37,SVR.csv,-0.15449174053992742,7.620689655172414,-0.03893703793556008,1.199469992775696,-3.3691471258115424,-0.04535109402146709,-0.011476331589564737,0.016300141650087085,22.145373095894485,6380.34521337408
37,DeepPerf.csv,0.00030709266241008004,5.9,-0.008867667835653348,-0.0054017834369348705,-0.0027599850876116605,-0.004013690750112708,-0.022531682657054297,0.006508772288790987,218.61599828646303,5465.084177083559
38,SPLConqueror.csv,0.056481443674190834,6.344827586206897,0.004585492516566925,3.011512618578232,-5.501893251558407,0.058503834344025174,-0.011613520859177662,0.0031757592991813466,1.0135111622966553,4993.02142655629
38,DT.csv,-0.3115251700704572,6.428571428571429,0.19735600166538753,2.5938519642025106,-5.431953879749163,0.347342522944987,0.010696165105979483,-0.07209251964244223,1.3774785644899321,5058.016398047685
38,DECART.csv,-0.2811683016021378,6.5,0.27438895326380836,2.7675057829962646,-5.439724249389562,0.8927763254739339,-0.02210280293354072,-0.09989026317493654,1.2007164164146518,5014.238853942504
38,DaL.csv,-0.2563649221519107,3.0,0.2611306459730562,3.019260697159006,-5.496253088487059,2.279763817965494,-0.21063300489329806,-0.17610410653351294,1.0086963659849026,5569.227559488278
38,LR.csv,0.05375368292741378,6.9655172413793105,-0.01089596932282838,3.006915250676457,-5.487706786182879,0.007191211004689557,-0.010779457038042506,0.007878073367033278,1.0275599305716674,5029.68152577035
38,GP.csv,-0.32031903842649256,10.310344827586206,-0.026813324034285435,2.658235166769695,-4.489011921770321,-0.07937701982944645,-0.010864242333197383,0.0118081533307558,4.458786832888773,5682.583847020976
38,RF.csv,-0.2989872637874442,7.724137931034483,0.012716105394053212,2.9702017310453113,-5.465882439074306,-0.17528859061603386,-0.03247558720978461,-0.0026404066583551877,1.029911204311966,4876.601099903014
38,HINNPerf.csv,-0.006681456149099374,5.9655172413793105,0.07916555211280901,3.0138496741756375,-5.507306008945569,0.307931756231549,-0.01549004353934258,-0.022655680796307864,1.01585575525634,5036.452286076493
38,kNN.csv,-0.3350707026108516,7.517241379310345,0.05418525810306696,2.885735889322609,-5.201764985641133,-0.2890658276440593,-0.0060139193390248424,-0.019574547001954157,1.379714154751945,5175.44884131199
38,SVR.csv,-0.3018195000949463,7.655172413793103,-0.009126970750377494,2.9772467367537256,-5.461289398443181,-0.0891028965046714,-0.02664971275759087,0.006501913703545692,1.0405733802457562,4969.234637500591
38,DeepPerf.csv,-0.10593496658683965,3.6,0.056474583611315965,3.0142333891565767,-5.505533409053674,1.211769316799474,-0.061548005602983236,-0.025513716722373903,217.99704985636347,4962.6626286035325
None1,SPLConqueror.csv,0.09339502414057343,7.724137931034483,-0.03547626763748374,2.318848474859555,-4.60733578097544,-0.01629428350448292,-0.007332378846436671,0.015442531547588345,22.932823274573977,11983.585485741713
None1,DT.csv,-0.0021622531568634695,2.5172413793103448,0.21339880747052725,-0.0011096573292728173,0.0007948695586659227,0.6181681611323705,-0.001683734562301753,-0.06631189332464926,1.4300603577889228,7009.699108610164
None1,DECART.csv,-0.003307431188570631,0.8275862068965517,0.28337323389298014,-0.007264497008919069,0.019700341196983828,1.0578005056427395,-0.04651120055557989,-0.08968456652444812,1.2808138050131335,6938.207134184922
None1,DaL.csv,0.004497218994327479,6.1,-0.04445915627832214,-0.010754926631840078,0.020750548986333328,-0.03431719264787825,-0.02782166457184232,0.018114583483121893,1.3166109344802088,6849.682546441172
None1,LR.csv,0.07494418877769982,6.827586206896552,-0.009624370316252684,2.314898895004042,-4.556108334137296,0.04318679658892621,0.006884857346961426,0.007221320467336367,24.732872397423353,12673.225967942515
None1,GP.csv,-0.08244772308766757,6.517241379310345,-0.04908799150417098,0.47239755170380815,-1.4634705746158523,-0.0482570422197246,-0.02901428559618624,0.019142563893189135,13.20401960450374,10124.080832435575
None1,RF.csv,0.000542110966509024,5.448275862068965,-0.03523981376161561,-0.012494001786825581,0.03660307176620403,-0.046090490059345623,-0.03941961408581962,0.01456621291142468,1.163710421523287,6760.70919298469
None1,HINNPerf.csv,0.006289142008323867,5.206896551724138,-0.044710351667648474,-0.011546386501712913,0.027408945804864082,-0.0251809858613653,-0.03231725156786536,0.018120138976788658,1.2819702998039153,6848.500523913389
None1,kNN.csv,-0.2640724517913715,6.689655172413793,0.0061997598902288065,0.36619942976457853,-0.7495281083457717,-0.15354325772902888,-0.05237740285682657,-0.0010745019780197262,13.857428152891007,9542.010112088574
None1,SVR.csv,-0.12947416521262994,7.103448275862069,-0.04276800985440693,1.1955226908080339,-3.346863944492435,-0.03203325130237733,-0.012408397814044902,0.017467661139080826,22.13137335989773,8008.050535677117
None1,DeepPerf.csv,0.007557017857619697,6.035714285714286,-0.02148998297313076,-0.00762582754051655,0.010343490622022777,-0.0027750777356618794,-0.021803938993330774,0.010394018498036894,218.93585060601794,6837.102216790887
