0,SPLConqueror.csv,0.3235683955785837,7.230769230769231,0.1299225293201426,-0.17561995128579908,0.8783696321735772,-0.08637407008260167,-0.005413399608382163,0.0185359048106567,4.123387624366877,801.1248814456147
0,DT.csv,-0.18212849245657609,8.037037037037036,0.2199439014635136,-0.03672782819530346,0.006769740314738204,0.42326610352652616,-0.004313175774249944,-0.03247144324032458,4.312951413911823,729.9783209556085
0,DECART.csv,-0.17420530816516036,6.793103448275862,0.25333226532470066,0.09347518350676376,0.13772773939871552,1.2295880052100678,-0.012389664276223455,-0.04675241436803079,3.5171033185827203,614.5931101613373
0,DaL.csv,0.023416800563151263,6.827586206896552,0.04840487827195822,0.47491354263136615,1.157026664655702,0.09544864791073748,-0.017165135667616904,0.039813682874657697,3.1828439647091686,566.4822551410862
0,LR.csv,0.3287838456753646,6.896551724137931,0.13141188223266453,-0.14361524733239311,0.8883751794005494,0.05180570796902728,-0.007159673248327447,0.017887338076599923,4.1134496783220635,796.9386090536823
0,GP.csv,-0.023588355518847137,12.777777777777779,0.3875719448216022,-0.4232599105218388,2.9171814565657472,-0.26218451817487376,-0.007773687094916104,-0.05438095307640989,7.592939523965705,836.4624221885739
0,RF.csv,0.1405615421155409,4.724137931034483,0.057131858065643526,0.2971593535419275,0.5777332117225864,-0.44442625729106056,-0.012475581039632866,0.034542828860090635,3.295204068323446,600.3853968538118
0,HINNPerf.csv,0.14756277826123093,7.266666666666667,-0.014689693844968321,0.3909803115633768,0.44426072960529833,-0.0392568127233921,-0.022766901623724523,0.06147363233082659,2.877010588593911,507.4345338524767
0,kNN.csv,0.05345412422787105,5.275862068965517,0.08066113820169496,0.28271208701041245,0.7984068039634772,-0.29116747662640163,-0.00896966272998756,0.0227733395498253,3.3133375607053064,599.4577636554857
0,SVR.csv,-0.027761538792816454,7.344827586206897,-0.059239060952459344,0.44438517042746956,0.8846555691930638,-0.16030460712967387,-0.006370743850738658,0.0757987412240253,3.1856516580266105,572.4927498937097
0,DeepPerf.csv,0.08088613756582874,6.517241379310345,0.029753756071864368,0.6961960790920618,3.2649199114701455,0.0007327210645597937,-0.018821956219629676,0.04674900354058875,499.1015386507642,578.7748662981942
1,SPLConqueror.csv,0.2552963389507212,13.964285714285714,0.04182456331841766,-3.627222780726362,92.4748318624845,-0.0015328051663245912,-0.008198799542157853,0.06381404638668708,5058275188.258553,587.9033822138126
1,DT.csv,-0.24800142148187937,7.137931034482759,0.24762998436786032,0.01719563204067942,-0.014298084928092147,2.352335953900785,0.0005311758105026598,-0.02300483346422133,4.29829208862251,502.4817636120446
1,DECART.csv,-0.2477009370467999,7.413793103448276,0.2679542593164791,0.13604369555670448,0.01479104178789814,2.2655320582509484,-0.003961955141473128,-0.029982855243659512,3.436685848032716,412.15786383062016
1,DaL.csv,0.08470639373180244,13.857142857142858,0.06096566346708632,0.4000546037315253,1.0423908604658354,0.7701002003211772,-0.032292700749666725,0.047311913298816344,3.1195600693545305,377.7667928098391
1,LR.csv,0.08737912735495529,15.32,0.0998317264485703,1.6262853690202919,1264.5032557463376,-0.19352029727908682,-0.01101799258085212,0.04399274127604258,115912910415.60254,546.6761210974456
1,GP.csv,-0.04201927496122104,14.76,0.36723002351574174,-2.4432265074918402,15.524129425898042,nan,-0.010274807313514267,-0.03537263400033397,7.051944871967541,580.6045789971618
1,RF.csv,-0.11490215583111618,6.678571428571429,0.10413028030719995,0.37400480086173654,0.4402926750337577,-0.0877002855862754,-0.0062742286228646416,0.03700281623970081,3.374868388155426,422.90076361670486
1,HINNPerf.csv,-0.0541533060911395,8.821428571428571,0.0687707722655726,0.36398524102161606,0.22471582066768692,-0.3949810070271097,-0.015687499089966694,0.050166375995297385,2.7699394956882832,333.26990133801854
1,kNN.csv,-0.166087133328459,7.0,0.1178873816862307,0.36356649003328684,0.6386061346997207,-0.385791331464996,-0.0054531112881085475,0.028690028314878102,3.4214014914903457,423.57372850944444
1,SVR.csv,0.0468244807822224,10.275862068965518,-0.015362218679149608,0.46253384729684904,0.5701832827254505,0.3643272129725563,-0.00730751413570474,0.07888646706687141,3.1833405035028237,391.98452027534006
1,DeepPerf.csv,0.06060890659617901,15.185185185185185,0.03942246193334553,0.38097106893868754,1.1793944401983971,0.8123930571770335,-0.022085337497353974,0.05825467170391674,501.4290939445,381.01014401345526
2,SPLConqueror.csv,0.2243079170813959,11.11111111111111,0.07448655824380901,-0.16470255138108925,4.5177037370224635,0.41439989199127614,-0.010025335549959324,0.07521228180705819,18.010273962469963,258.2651593011305
2,DT.csv,-0.20676157761900696,6.689655172413793,0.2602440278018242,-0.064499971184594,-0.12080717812281927,0.4920876008369872,0.008986681218984716,-0.008657997733183431,4.510174642385721,272.1410142821704
2,DECART.csv,-0.16872209996756224,7.137931034482759,0.26052754483056606,-0.14385180502354092,-0.15491060918944444,0.7106668416350252,0.009616332323373666,-0.01032539009854494,3.3492724713994133,205.16337668781227
2,DaL.csv,0.21189933261991195,11.535714285714286,0.11949680854696787,-0.23148377078243168,3.072442503983728,0.39507540655610573,-0.023836808392153186,0.05248292197363469,3.07394457937172,187.67592864483927
2,LR.csv,0.1899425598714482,13.346153846153847,0.03577759867154012,3.19201465185465,740.3534510153946,-0.0061668070672111774,-0.008954692464060776,0.085847004396162,121761071620.79454,242.8833504624871
2,GP.csv,0.044765404226173755,15.964285714285714,0.3218532907081775,-2.384402948197828,13.537773464054851,nan,-0.012213213773631604,-0.005830456263871575,6.9000094228650015,289.7838790192336
2,RF.csv,-0.009933869722657862,7.724137931034483,0.15994987888450496,0.15962071542824785,0.510819789097963,0.12260382567886974,-0.002411031900587446,0.04185031160737507,3.401139382403462,221.93114080164437
2,HINNPerf.csv,0.019149890797099445,8.931034482758621,0.12383689734855152,-0.1035355882885689,-0.5794631681159006,-0.4325064275035705,-0.014282845863759497,0.05186873308283113,2.6924564158372464,162.16564482404226
2,kNN.csv,-0.10485468878535187,6.724137931034483,0.17735073652351696,0.03613787073733121,0.3484927976765346,-0.5652695134107834,-0.004961666487789951,0.02990338538807713,3.642933078958559,238.7987383492221
2,SVR.csv,0.031735630834604456,9.37037037037037,0.006655109117395919,-0.049929363838598084,-0.08725760714985298,-0.296495565331772,-0.004025583707621627,0.09177978736671077,3.139467011183024,195.94986867648734
2,DeepPerf.csv,0.17082450568318658,12.407407407407407,0.07418203995367934,-0.1776230654726449,1.885795803843382,0.12526386118666832,-0.018237462621353617,0.06590339074068674,509.75460737555136,189.41380229150013
3,SPLConqueror.csv,0.1977183543574595,20.285714285714285,0.07637516818030898,-5.067795929380696,189.09653450111017,-0.17186224185072185,-0.008313173123990825,0.0384614060684344,16727267321.42642,760.3114509868243
3,DT.csv,-0.05148249694116491,5.148148148148148,0.22247768368580956,-0.05730174067168792,0.06416876142907618,0.4609852986966452,-0.005181569402430863,-0.031189510077066385,4.255013001573743,616.9755779507024
3,DECART.csv,-0.13649070451870113,6.482758620689655,0.24612748654302374,0.06324240146039906,0.11642039777170976,1.064549161556872,-0.009166562437521342,-0.04141467070819593,3.4707208442722366,516.1227813188698
3,DaL.csv,-0.0417561789980852,21.0,0.035917606578468875,0.37921834257354564,2.7491387202052544,-0.24620794043175798,-0.029326567858680264,0.04495114779549847,3.1816877591104435,477.0946832787629
3,LR.csv,-0.12484997566774736,19.666666666666668,0.14473250643814484,15.688438238835158,1539.6974732700141,-0.1859965734605704,-0.0025623664862999274,0.016740701272967562,56367363767.6466,694.3888392793865
3,GP.csv,-0.27345796593388416,19.25,0.3775068722970878,-0.7227567703000943,4.257226248646306,-0.2010504861483533,-0.007559097871942089,-0.049160632362580836,7.810752227927492,711.5926685255042
3,RF.csv,0.03123634193876501,5.586206896551724,0.07243362164998224,0.27065998985069123,0.4869970741174303,-0.5412508728709152,-0.011684480099738659,0.034618576675340185,3.2967679027457186,510.49117806194494
3,HINNPerf.csv,0.025964618381143,11.413793103448276,-0.02680493358445568,0.36437317371275263,0.27561259264452354,-0.39154377623550685,-0.024722953434518913,0.06887932704058874,2.7427657670813783,408.6708631906779
3,kNN.csv,0.0024326287716854855,5.620689655172414,0.10133421153873479,0.3325053612210121,0.7118944793823205,-0.4620220598605831,-0.015179271512376524,0.014801542706878945,3.255475147190504,500.484302624807
3,SVR.csv,-0.02923677930269092,9.25,-0.0675207369096259,0.5563581720622555,0.8634710906288552,-0.45944119972923547,-0.008677292618858412,0.08188541080606804,3.10261139158331,471.54805642119084
3,DeepPerf.csv,-0.08853164622679904,21.807692307692307,0.015692739243000575,0.2977873295060071,2.087578144231613,-0.21376995603101556,-0.013286408221297896,0.0542025937812205,499.77804481687775,480.91668874562106
4,SPLConqueror.csv,0.2705309273073842,17.93103448275862,0.06250057442775614,-3.8758288008640536,86.86703539472408,0.07672596032532164,-0.010765175601717192,0.04239273748757033,4274313516.2585936,741.48708750826
4,DT.csv,-0.15450729700636495,5.0344827586206895,0.21769321666744978,0.014407032819213295,0.019485291095744983,0.5898447780310636,-0.0035652936587576844,-0.033639032933629576,4.334031821262618,614.5630925249147
4,DECART.csv,-0.10989211131647914,6.586206896551724,0.24307317432256814,0.10277342637248221,0.11755649085513353,0.2017826936816709,-0.007518198661969566,-0.042277323239134135,3.4884773690734288,508.99239410408217
4,DaL.csv,-0.403351448844922,23.214285714285715,0.09422407660761223,0.4067517655015352,1.8494365787719158,-0.40622855419239323,-0.02247446758959859,0.027372425405189693,3.2008049956121782,472.46119894966193
4,LR.csv,-0.0007792345947703061,21.82758620689655,0.1304411837085675,-3.075704130400812,1648.3946192709966,-0.2189559904326469,-0.004407449765258198,0.02030507093635925,117317766250.33562,655.5557833128802
4,GP.csv,-0.23538087320177162,25.423076923076923,0.3755902466128124,-0.7861476629161595,4.296235214548517,nan,-0.011119185725889547,-0.04973454695016877,7.607066382759513,696.1090219909148
4,RF.csv,0.16819298021477097,4.586206896551724,0.06419976394132954,0.3840179961229138,0.8325143007988012,-0.5330532454820104,-0.014347264817167527,0.039506697005955216,3.386267046227657,516.6956697638667
4,HINNPerf.csv,0.19379731590132082,5.827586206896552,0.04666844356319233,0.3484467707216394,0.3573226715293952,-0.11456644468391852,-0.022396188938867412,0.043437237749039515,2.843257954531438,416.40923496014994
4,kNN.csv,0.1717952387122827,3.0689655172413794,0.08778613266545399,0.2724640327863174,0.8874900357963119,-0.33207017246585513,-0.012457123258100111,0.01988830683115106,3.3453321141427055,504.96747265788304
4,SVR.csv,0.17673205828046062,4.448275862068965,-0.04856708298327239,0.4424422745487842,1.018303103640442,-0.17619094767234988,-0.008662117997502494,0.07412738139024055,3.1708803316920933,474.7653500195542
4,DeepPerf.csv,-0.30425126138318426,24.40740740740741,0.0711558522292588,0.4713822620439067,1.6245013834826392,-0.025065752521332918,-0.021797545389707684,0.03364775279860399,500.43788410069016,480.6939845594519
5,SPLConqueror.csv,0.27649663530345664,20.714285714285715,0.05928265501743013,-3.4740298223958495,122.51377906249942,-0.18197792318603445,-0.011046667747132144,0.04601414500153056,11934445494.14464,782.6961930621744
5,DT.csv,-0.1492459449230735,7.448275862068965,0.22422559776527373,0.016265020008667863,0.1061973571969565,0.8026079887489461,-0.0037182143681092628,-0.031140852141981368,4.34194160357569,634.6618469275834
5,DECART.csv,-0.10136368138226337,5.724137931034483,0.25036187020314327,0.18405252003993305,0.3436010433704695,0.4867305177550927,-0.010049716741070469,-0.04366255899593441,3.483171615390892,527.057863620556
5,DaL.csv,-0.24580255374925503,23.96153846153846,0.06343124110938314,0.4861117973717994,1.652347020514967,-0.11875986191262489,-0.021614168916052612,0.034772383909029925,3.156073384560691,489.77748105269444
5,LR.csv,0.02937618609888676,16.214285714285715,0.14942728540643602,12.61829111563905,1295.5143284850108,-0.24186496419790515,-0.005998056673877539,0.01646766493319307,62965801282.49656,685.821054527319
5,GP.csv,-0.3310391718896658,17.96551724137931,0.37832794922724633,-0.8320391288210958,4.82392243741786,nan,-0.008636830227674919,-0.04931952136275841,7.52149909424505,695.0190203579359
5,RF.csv,0.16048745423983574,4.172413793103448,0.07632960782385967,0.42358628374847723,1.111433093002037,-0.6069183428317405,-0.013176424588528857,0.03336390124338229,3.3359803417688387,528.6795564591638
5,HINNPerf.csv,0.15937278140442995,5.571428571428571,0.032212944278208144,0.5176948596304503,0.7409566942019623,-0.09973254340809601,-0.020339569337206598,0.04725638945193844,2.835496928718346,432.617546824781
5,kNN.csv,0.15101188326701515,4.241379310344827,0.09633977341600541,0.35042432054099276,1.0756518167135063,0.33309378833663494,-0.009007238706855825,0.018012173680616694,3.318209329322457,519.4285465878387
5,SVR.csv,0.032181048948713986,7.241379310344827,-0.049095073163807956,0.5113618168473351,1.3414012131323758,-0.2089869997561028,-0.006836222598732955,0.07556788230662148,3.1781296520227915,497.0233808619352
5,DeepPerf.csv,-0.26542304739296757,19.85185185185185,0.04052760106066933,0.5673836847437521,1.4398762444401414,-0.04764266697230424,-0.010450279131923201,0.045668400440532886,498.2997108805875,498.7379248915323
6,SPLConqueror.csv,0.2125711827472792,23.85185185185185,0.05663825185490651,-3.9265725373300353,310.0244192800698,-0.13616024487477407,-0.00937698155732325,0.04487517700445265,9038980092.68116,735.5277196348626
6,DT.csv,-0.29288831401747906,11.038461538461538,0.2182554299556011,-0.067232405904316,-0.04308985725514802,0.9280716202556676,-0.0017161567810031197,-0.03208433748857731,4.330983351567317,627.06333776114
6,DECART.csv,-0.40463353559387844,13.851851851851851,0.2417362226671631,0.043413683246766865,0.05899849812928798,0.9950857027178717,-0.009386146974418752,-0.04189345469641226,3.4769675097372326,517.8328100470958
6,DaL.csv,-0.07190991624698373,21.896551724137932,0.04777897575425111,0.25205809686550956,2.14550165691932,0.6119191386890253,-0.027213853538484822,0.04215774386186155,3.215785538512512,488.5575840415742
6,LR.csv,-0.03219297232413443,21.5,0.09215890089596379,-1.5555596522234434,1617.403862172954,-0.12887652445625797,-0.007489579362887411,0.031144963414906246,69856710472.01714,624.8084071540704
6,GP.csv,-0.19406608707128814,22.653846153846153,0.3745771302333454,-0.8786839368008581,5.84422833454984,nan,-0.007425426966958137,-0.0487264235480489,7.645780008550046,706.5822666344645
6,RF.csv,-0.07660683453872191,12.931034482758621,0.06113630807710069,0.198955098063117,0.5366069882870342,-0.2756943062030457,-0.014347928414359168,0.03646603226641287,3.3176207679435277,518.9991609375846
6,HINNPerf.csv,-0.1176441249798986,16.535714285714285,-0.03801322289860898,0.3003518735949455,0.2570237278343835,-0.2876308165499337,-0.027802677322308345,0.07149478280895583,2.8679006734972106,433.5463388652164
6,kNN.csv,-0.1485901482662047,13.689655172413794,0.08939376490598605,0.23805110857493844,0.6942662652048218,-0.34156099067023327,-0.011691236874893929,0.018958132443320563,3.336511417532292,516.715300709143
6,SVR.csv,-0.11689256051842509,17.93103448275862,-0.07154381967691864,0.29931667266827483,0.757050675624271,-0.17642336067669495,-0.010712930853087554,0.08215297047708836,3.1747770666936512,485.0286228549775
6,DeepPerf.csv,-0.15984013809722347,23.652173913043477,0.005707586017408339,0.24387875531443265,1.762237108213789,-0.00873221980701544,-0.020021436966916162,0.054564560867388145,505.8722656661877,491.3988123677565
7,SPLConqueror.csv,0.31823455366436176,6.928571428571429,0.12287790295364731,-0.19031469168869472,0.9395411170905676,-0.08977629730437209,-0.0024411880214390003,0.018399037886936975,4.111085446142886,800.4286873087976
7,DT.csv,-0.06896607323326509,4.827586206896552,0.21653350052799447,-0.03366643056258989,-0.016784513004227897,1.2436121162584997,-0.007548384654119666,-0.032479628066514055,4.23036630523041,716.9025934793797
7,DECART.csv,-0.02424050196635119,4.551724137931035,0.24927086318994696,0.11654135468829702,0.15139054265059915,1.2771541771373423,-0.012393111092016018,-0.046164784078384646,3.456240066678298,604.9215131240351
7,DaL.csv,-0.03016100750185613,8.821428571428571,0.08040780005200643,0.4903181154260387,0.9350082619912312,0.028206424933982177,-0.02642969432167841,0.027780131638041383,3.179954812262691,572.4833943635858
7,LR.csv,0.33475535744550583,6.074074074074074,0.11712466431591806,-0.1826736234132304,0.9364127205085868,-0.037835254408194796,-0.001040339409750235,0.019570854146754524,4.100108247424095,797.3250534765784
7,GP.csv,-0.12910833046214804,13.821428571428571,0.38688782230100993,-0.40794418902004226,3.158305488040962,-0.4190714351432562,-0.008419387909669673,-0.05646997101559492,7.522198299689187,830.5395846852691
7,RF.csv,0.07059966647135357,5.379310344827586,0.062211407842993616,0.30736593382827476,0.6253366524433082,-0.40110514574330014,-0.011418295800390443,0.033952586981671806,3.3095806742670977,605.0174092058451
7,HINNPerf.csv,0.07910594526058434,7.931034482758621,-0.015939815053021,0.43797242215123494,0.4759151478351174,-0.1388986595482402,-0.02810389345556563,0.06053019645841862,2.869111404997799,509.19405222761753
7,kNN.csv,0.11732247550103136,3.4642857142857144,0.07651422445174694,0.3197488476759321,0.8323318684834562,-0.39391757652178383,-0.010246187068087442,0.021232291252122115,3.2844668742014522,594.4078404561045
7,SVR.csv,-0.033104614532298626,7.428571428571429,-0.07689960701205206,0.4595607599084401,0.8701776535179278,-0.135208114040116,-0.008627574497601764,0.07839871110192631,3.173038679089457,570.1469593028645
7,DeepPerf.csv,0.08444975982612135,6.821428571428571,0.0005663242014456449,0.44462391021661435,0.7175577926921991,-0.10831729276505597,-0.012746089602405863,0.05380842548680942,499.2014510963219,566.5344164271809
8,SPLConqueror.csv,0.2376981438512425,21.785714285714285,0.07315265590226983,-2.2894026299440613,62.09628798335395,-0.19977483777573957,-0.006704879863540847,0.053193518595064715,1313823284.746237,602.3524102494761
8,DT.csv,-0.272093045935207,14.89655172413793,0.24152566465176561,0.0030288163252271127,-0.05311485675049199,0.7582471584770272,0.00039764683908460885,-0.023008389128300832,4.2913016341529815,498.1383879759125
8,DECART.csv,-0.28830458052291363,14.517241379310345,0.26207170966049653,0.12935897474217123,0.024657087623827734,0.8337506380063011,-0.0033417607044754494,-0.029877085632307954,3.4683495566052196,414.07337173817257
8,DaL.csv,0.060478916188565934,24.037037037037038,0.04203325646767864,0.20112264890206183,2.800183869742187,0.4508725666228246,-0.018962737578557265,0.05431948822311927,3.1325338879639366,372.91612767523793
8,LR.csv,0.07569361934532237,19.571428571428573,0.12456905776826943,-2.395798460582251,1124.7500441317407,-0.05037881104892539,-0.006162842129844526,0.033892966198451835,114682601253.45451,552.8359644378338
8,GP.csv,0.0636200290853412,9.928571428571429,0.3684673743121136,-1.7809078909578537,11.057413529988965,nan,-0.005686227694507551,-0.037038956312551496,6.866918282735969,573.6277466026638
8,RF.csv,-0.16535387300297144,18.517241379310345,0.10341511746440346,0.39665451107272204,0.5726970919043504,0.10174253019564827,-0.00857475710070732,0.038313491957943535,3.373751588407708,418.8187411263606
8,HINNPerf.csv,0.010893374301481962,14.03448275862069,0.07625974105890054,0.3351216229477881,0.15694583205139523,-0.645908482831276,-0.01566757355043491,0.04575255014799806,2.7006622185533393,320.89286355402515
8,kNN.csv,-0.18244750041237542,18.82758620689655,0.1092084820220679,0.3373253894090446,0.6231189969820424,-0.3759400947239474,-0.002855870653243775,0.028925499935930743,3.422997234816208,421.4726079932111
8,SVR.csv,0.05983514507166471,20.821428571428573,-0.015414716148301422,0.43916970776410363,0.6192279877409657,-0.4466070025387464,-0.01020198315077403,0.07762617476913214,3.1661790343568015,388.0057467378811
8,DeepPerf.csv,0.03504932615840106,21.28,0.04799073311138341,0.4024226032101749,0.921876758818919,-0.15898486856232985,-0.023611696168314267,0.05331210652633278,497.9239831242495,377.50616185518214
9,SPLConqueror.csv,0.16557284684118306,15.36,0.062410874660392524,-5.398767844509707,104.43138796694895,0.07713190982436124,-0.011404984436180321,0.05519409313108581,8897558691.095064,585.5210014170997
9,DT.csv,-0.23266596153517502,6.827586206896552,0.23997704669955033,-0.0012847005023857716,-0.05563971642750565,1.289244089711963,0.0006618219459293417,-0.02129553048043864,4.262963443571872,495.65831609466875
9,DECART.csv,-0.25112098496943824,7.0344827586206895,0.266120092323644,0.135979309685462,0.025211668435913714,0.36396028255007407,-0.0049750843968985325,-0.03030651668120854,3.434221563072198,410.57954489925567
9,DaL.csv,0.07554838700604732,15.0,0.07354927806143186,0.3342690093220187,1.1794294744396718,0.39885385398786344,-0.023420927129102043,0.04614774872407579,3.1093710080332206,371.6084989644271
9,LR.csv,0.10847914452152557,15.0,0.12483603955131084,17.625569325390124,1109.4470238890767,0.03042619581299455,-0.010688493239680685,0.03425764155534916,124392531086.98988,554.0768382931822
9,GP.csv,-0.12867312952336188,13.56,0.3694869256759806,-2.0665007551422345,12.984004164219614,nan,-0.006711659621229216,-0.03799476031983784,6.842571040694152,569.4355030703827
9,RF.csv,-0.12700480808687972,6.689655172413793,0.10807275793698756,0.3819652028059736,0.5237695106188772,0.11547658029925456,-0.008910130942536565,0.03614630512056993,3.332299527984612,414.237095434333
9,HINNPerf.csv,-0.08826769142250113,10.0,0.09917516374872515,0.3246586381177861,0.16272291254195032,-0.4337651591896916,-0.015804401637007914,0.03818511553534931,2.6483884247162384,314.823486739996
9,kNN.csv,-0.17327932358841225,6.068965517241379,0.11295930852093039,0.36091550332477457,0.6249841960299668,-0.37105772963049477,-0.0053874647175382595,0.028477753442638032,3.4219476748483384,423.248937175248
9,SVR.csv,0.02444218349434063,10.0,0.006945593602291522,0.4592230073446288,0.6063085231090517,0.0743955251684707,-0.009221730916833759,0.0696498985725309,3.1630970637570752,386.85046224441595
9,DeepPerf.csv,0.11630924035479212,16.035714285714285,0.03731201508822174,0.3354282748609127,1.0455293193019604,-0.1513525969034264,-0.015932074375779037,0.05850986283763204,501.7877974557329,369.1877150954855
10,SPLConqueror.csv,0.3227062431861764,6.689655172413793,0.1366816354157745,-0.22158404583581975,0.9403426679627845,0.1177747211332707,-0.004414944397554965,0.01758912322788897,4.110209848227586,800.5485689990827
10,DT.csv,-0.17235867552807407,7.392857142857143,0.21829368120524661,-0.0258089983719329,0.02246449260074279,0.9277128706904942,-0.0045795709181586375,-0.030306730777929114,4.26459951787673,721.9253267822379
10,DECART.csv,-0.18754220420745488,7.275862068965517,0.25514479189723516,0.09498033895579888,0.11914400956793436,1.5266239351493194,-0.010452152313454866,-0.04590295468676353,3.4879482764168164,609.0546107543244
10,DaL.csv,-0.008632055256795668,9.517241379310345,0.062468741862551136,0.47604734645552177,0.8411186990855853,0.009615572124611171,-0.021129824609569803,0.03378503823101031,3.1622986723596274,563.8490456264406
10,LR.csv,0.34331590986741595,7.241379310344827,0.1334369890822248,-0.15745679592414924,0.8537077039009379,-0.10976389614467763,-0.005258629865638631,0.019252402238267408,4.094214210387065,797.3532301013672
10,GP.csv,-0.0844925308623028,13.0,0.3918861227243591,-0.34820892615619575,2.694168530144122,-0.29428555965216974,-0.008473473069441906,-0.05392761489298181,7.576654545432491,829.8205109717114
10,RF.csv,0.01164271797569777,7.0344827586206895,0.06250230716944982,0.3036822810386712,0.6592155303925322,-0.3672656890315473,-0.012887610812132189,0.03417187932051036,3.3020242792928043,603.6191232741838
10,HINNPerf.csv,0.15486268133048325,6.9655172413793105,-0.014720275569031716,0.4205019544033089,0.46170658131810655,-0.17284384086435678,-0.026316497199008193,0.06038924083800068,2.8887421069984063,514.818702589004
10,kNN.csv,0.07811627300897367,4.482758620689655,0.07657735919567554,0.31857189808052383,0.8224721083757875,-0.12720300448642075,-0.008847965292689941,0.024713455220004676,3.288570340120485,597.3092595493299
10,SVR.csv,-0.05861025672776998,9.862068965517242,-0.051194575732382896,0.49021534162243424,0.9060312782131751,-0.14412745838762064,-0.009953946554817072,0.07374527581464774,3.1634806074113206,571.12710062879
10,DeepPerf.csv,-0.02195500169099246,9.310344827586206,0.02180996677248409,0.5464441576922687,0.8531539193967392,-0.004297918912676835,-0.012806385715167345,0.05103882654502756,500.56787318410346,575.5361722124012
11,SPLConqueror.csv,0.255774518035695,25.785714285714285,0.09489139689730186,-3.2404070838852914,240.46266376875224,-0.2527552738214759,-0.012847930110943317,0.04718994875590021,1143451986.7360816,593.4829090051862
11,DT.csv,-0.27486646175075513,17.53846153846154,0.2475161177681332,0.012603024662799833,-0.07743613510974345,0.6171386561604941,0.0008269513038476894,-0.02151955491294577,4.304025448511163,497.7054546113953
11,DECART.csv,-0.218604502988091,17.857142857142858,0.27034771803962043,0.1455121986004948,-0.02825057380329188,0.8230924535949009,-0.0019538590819891954,-0.028843967994278352,3.442903785930692,409.8047585370782
11,DaL.csv,-0.035124918347759826,23.074074074074073,0.06548216345695124,0.3339340470588626,0.545591858156594,-0.01608063182999575,-0.016801226110353285,0.04897981472493451,3.1179495327040336,369.87511132065583
11,LR.csv,0.07486959060935572,25.714285714285715,0.13087509730815938,-5.951920651537183,1452.1154658343114,-0.14322397143070842,-0.008470471922432554,0.033637737174221805,84202015245.49547,553.0227150266048
11,GP.csv,-0.009495647645404726,13.04,0.3631509779574488,-2.035433365774701,12.806824759629858,nan,-0.007486977733688338,-0.033556997360219,6.983695278503855,577.6864875058934
11,RF.csv,-0.13479465268751162,18.862068965517242,0.10138115565502148,0.3376403160059351,0.39097297175145296,0.02994517135240149,-0.005991125677824782,0.03730119288185252,3.37575696343907,415.0119006974589
11,HINNPerf.csv,0.06778304706339938,10.846153846153847,0.08715997226347283,0.3151869452529947,0.13482932690096666,-0.33136068998387747,-0.015816337642925005,0.041207482448267,2.71229418705586,319.9166938671889
11,kNN.csv,-0.18766049527785572,19.344827586206897,0.11837053932245223,0.33153620705924763,0.5558469437460293,-0.28434068666568335,-0.0027431542946958487,0.028958480590697278,3.487557494168168,426.51790794843026
11,SVR.csv,-0.021365648755157396,17.137931034482758,-0.027965769185245792,0.42159865077923947,0.5145256473748449,-0.2967759654144869,-0.008046863467413012,0.0832285256492612,3.2255589325951264,390.6170153961208
11,DeepPerf.csv,0.16243696663812962,23.620689655172413,0.05589187766318299,0.1654916026587841,2.4639189716894982,-0.025372931513110375,-0.020512791003251207,0.052305026367687635,497.5024657985385,380.9864897819831
12,SPLConqueror.csv,0.25519771742344804,22.333333333333332,0.1151122587416118,-3.3659631555178664,139.93376965706875,-0.19460732978899897,-0.011597018649623925,0.038392512383407906,6191993308.078719,593.6339696372377
12,DT.csv,-0.2783972441989042,11.653846153846153,0.24147457954837692,0.006743815161843303,-0.036645208513852,1.7800375195887923,0.0014992038991954448,-0.024599547438383662,4.336605127675187,514.2486173956762
12,DECART.csv,-0.28605853274883886,13.071428571428571,0.26446582732954094,0.14142838076678732,0.035364734759878225,2.7337195145661974,-0.004465032537715352,-0.03150903655560455,3.4698025201303966,423.59922302254233
12,DaL.csv,0.09982741217639407,22.75,0.052692229001320645,0.36072787893678343,0.9030148093046344,-0.04785934924101287,-0.02633184561023527,0.04137871394152892,3.099527312274217,380.0788593215064
12,LR.csv,0.0991056744132669,20.964285714285715,0.14785251533807753,-2.967866137047859,1021.4448678231792,0.016727204641543203,-0.010985819027971688,0.027127211646208904,160853941510.293,560.5301787381619
12,GP.csv,-0.04207498317633496,11.862068965517242,0.36473812015471696,-2.0925095683520416,13.240416371170905,nan,-0.007309932041708933,-0.03655797581927722,6.961028980927183,585.1009691232815
12,RF.csv,-0.21221548152391598,14.551724137931034,0.1059242497789804,0.404436197857965,0.5648190246659278,-0.053623060839961934,-0.00681169223459388,0.03374861465517287,3.366712313886748,426.72035480859006
12,HINNPerf.csv,0.03754464584429057,9.275862068965518,0.0665314811772868,0.36497508645370774,0.2720907428941442,-0.40420391273415857,-0.014994891986233383,0.04851703719403966,2.7540801425439763,336.1638011526449
12,kNN.csv,-0.19976723134883373,16.586206896551722,0.1148749564984497,0.3726497163548825,0.6849237882226052,-0.46799796079900124,-0.0034425208854770295,0.026900615696527908,3.419699137555565,431.09283943462447
12,SVR.csv,-0.05154353660330596,11.413793103448276,-0.03376150958223523,0.4401602566987021,0.6634936632192722,-0.27381710670888937,-0.008453408966302867,0.0828897439149554,3.1622658387031053,393.0249686081329
12,DeepPerf.csv,0.1281104894109068,19.96153846153846,0.039345009771748485,0.3139449682493269,1.5772192481808203,-0.24898432359343192,-0.021210330398394373,0.05721173902952059,498.3024679224405,379.89987789987794
13,SPLConqueror.csv,0.32301064790872597,6.9655172413793105,0.14389817639901425,-0.23909796009401574,1.0168119947601193,-0.09560915140072779,-0.005139140322398927,0.01512619009681293,4.118964799995871,797.2313768488889
13,DT.csv,-0.1909679216086086,5.481481481481482,0.2228881175809938,-0.04662205334140096,-0.007172365531342595,0.47088517446145395,-0.0051959640609218205,-0.03276096703708031,4.290278052795084,724.593025212104
13,DECART.csv,-0.056145150116736375,5.035714285714286,0.25646462771493406,0.09147004650519758,0.13624192300272708,1.2795225048780978,-0.01169231162603579,-0.046322180211510355,3.5092544886880224,613.2688305367572
13,DaL.csv,0.0061496821984906025,8.5,0.038806798846852175,0.38161750535930644,0.7050932644289948,0.05902751566456299,-0.01498116156527074,0.04186805234103452,3.1701695121254465,564.424225920089
13,LR.csv,0.3452097675617189,6.285714285714286,0.13158050794113219,-0.17914293043964533,0.8957641439105617,0.04832631347207483,-0.004452879322913272,0.018216890758912974,4.108775970016329,794.5483220543247
13,GP.csv,-0.03633837775204951,12.296296296296296,0.3847719352078355,-0.4715022470480822,3.1849585787519703,-0.0599939272580321,-0.006472625211581873,-0.05367845706437946,7.553355892344698,834.4624702574084
13,RF.csv,0.07248214273935388,5.413793103448276,0.057780787332353534,0.28495102633433317,0.6072749246656786,-0.4879619792768981,-0.01401882828498302,0.0341720080142045,3.3130700267630444,604.4495065899886
13,HINNPerf.csv,0.08653244635961632,7.103448275862069,-0.0180991831301765,0.45896553000600343,0.4848020644748694,0.7351824445181669,-0.02654796592012232,0.06110388958951962,2.9148277018506956,518.7032155564009
13,kNN.csv,0.10529813462188253,4.551724137931035,0.07612982177035832,0.29801484025160513,0.7868048610884184,-0.33472619199203124,-0.008859744783912937,0.023828386816509672,3.298234256223591,595.3564188055226
13,SVR.csv,-0.012908910115572658,8.551724137931034,-0.06589618015405263,0.44694008844078487,0.8835199570415863,-0.2917100042158982,-0.010399815983758387,0.077951148866648,3.178609128397297,570.2010897536306
13,DeepPerf.csv,0.005807753471477939,9.25,0.015746633833409962,0.4634546985045172,0.7912370242206624,-0.004926913665723287,-0.014754264452357058,0.05184391150510348,500.4028647516078,575.165476963011
14,SPLConqueror.csv,0.3108520002060304,20.2,0.13284082106436124,-1.752575749767907,79.95609368903581,-0.2716051525119467,-0.009914703780788847,0.02991456266778414,1157699.7224148486,600.3903228825457
14,DT.csv,-0.2049101676808622,10.03448275862069,0.23349884956064182,0.0006329321665913268,-0.006321118292081929,3.083859686598882,0.0005197471946885024,-0.023293496078821363,4.328931780786827,506.78734287512304
14,DECART.csv,-0.29014968717595374,11.206896551724139,0.25618614886840474,0.11827165295809389,0.051411619559224686,3.1615167292406188,-0.004552897723763216,-0.03193522329283549,3.47797548437209,418.57465347812763
14,DaL.csv,0.01815894296725923,15.62962962962963,0.06360287933226882,0.34026911838250123,1.7893637215338403,0.0976890943435782,-0.016066096172836053,0.0485266447680931,3.1401024837139935,376.17052288601184
14,LR.csv,0.11151942431910938,20.25925925925926,0.18625665149469806,-4.09162317298315,1095.9799830039735,-0.16365290237126895,-0.006296351168476266,0.01344625761877627,133387633727.62653,552.4148425449314
14,GP.csv,0.048862845741245275,14.0,0.3566873348687599,-1.9984749580766645,12.491807133035278,nan,-0.0068458905568341555,-0.03591591902158198,6.881915795596572,577.8732428638278
14,RF.csv,-0.1506110249629772,11.464285714285714,0.10191562552990041,0.37920011983412333,0.5174407356928673,-0.16380671743108888,-0.00644785533653458,0.037628350275476063,3.3863937513472138,422.63553713483526
14,HINNPerf.csv,0.1368550157013163,6.896551724137931,0.05913259328774889,0.3603323341484303,0.3109434136902131,-0.5311599976462347,-0.017059309694573588,0.047880548345748064,2.75217256100138,330.02355864650735
14,kNN.csv,-0.21892900216261235,14.392857142857142,0.10697946669575376,0.37177757733277345,0.7155954145503675,-0.1436774435484922,-0.0026005450427424304,0.026538237015691912,3.477324991708613,432.1769336185575
14,SVR.csv,-0.012788395968634958,14.96551724137931,-0.05364232482175052,0.4411617141642901,0.6381057849235338,-0.28562375349319846,-0.00832237882604947,0.08574655915824148,3.199630259639897,392.54415632614194
14,DeepPerf.csv,0.10359507247703892,24.72,0.03781040459267204,0.17575315808412845,2.406319417510534,8.161820996237946,-0.016623270608539298,0.05514304147214577,499.1381372375004,378.8579503977539
15,SPLConqueror.csv,0.1759826112355301,15.0,0.07065384191223312,-3.152321243534615,83.60729905156201,-0.1535787702353988,-0.010613969999466066,0.05172580397298154,334911.27938371646,583.3562873246997
15,DT.csv,-0.22444842750258742,6.642857142857143,0.23872402912286173,0.010543984419005448,-0.01727215515262026,0.861526481223091,0.0020612550513556815,-0.021664950795084237,4.298476973032335,505.4665503589881
15,DECART.csv,-0.20789383003382683,7.689655172413793,0.2577985269675451,0.11870903394310411,-0.005057116998882782,0.3885070337773837,-0.002773490807938206,-0.02810006742366944,3.4797121198869014,421.47696020472625
15,DaL.csv,0.07749417986846258,14.44,0.057736979535530475,0.4999000748872117,2.543300277738603,0.1522532307646911,-0.02906423565268257,0.04285696675443973,3.1459364768021465,380.97097228745895
15,LR.csv,0.04885975826866085,14.962962962962964,0.09995815797089413,1.0607916900650292,1128.0263050791084,-0.2039823108364628,-0.010678961718966762,0.04246021524652732,194192526663.23425,551.515839465581
15,GP.csv,0.09077927983151962,15.777777777777779,0.36085268330882003,-2.0775621279382994,12.889582468336028,nan,-0.008304232241274967,-0.03530579791751831,7.018771284864835,581.9072421411547
15,RF.csv,-0.10950973145951931,7.827586206896552,0.1025856214428531,0.386516800650294,0.5252754039383144,-0.3051165330588489,-0.008467769970591843,0.03674544625983711,3.3868910824433125,427.7705738488201
15,HINNPerf.csv,0.007917928353220638,13.48,0.08240583815460056,0.3529166625229429,0.2761468878813674,-0.4718836589112455,-0.015312185812678014,0.044903284341703986,2.7907767966359645,338.5947581023955
15,kNN.csv,-0.16767917148806813,7.413793103448276,0.11220645686825925,0.36902679747752637,0.7008625438398606,-0.3614215558265125,-0.007510422424265584,0.028992942114139164,3.4520322577094933,434.25764078975084
15,SVR.csv,-0.008142112624277387,11.62962962962963,-0.040953067956771616,0.4242769989671586,0.6253269592819868,-0.3634883460442603,-0.006846915633990869,0.0853393224303538,3.1726968916013187,393.2422629299097
15,DeepPerf.csv,0.0651032279346746,15.11111111111111,0.03447792903364294,0.449499024701775,1.0824060233194048,0.4759709653393318,-0.024931427371190362,0.05959617429294606,499.89493812877765,389.02129325191794
16,SPLConqueror.csv,0.1568476750516788,21.928571428571427,0.05887996911871507,-0.7733757378577621,102.74930271717214,-0.15315421327920165,-0.0077872734807808985,0.055459597624602064,4724604704.798972,600.7151392422011
16,DT.csv,-0.3018264260547161,16.82758620689655,0.241474924820674,0.007890599392683273,-0.08486502799790518,0.4639940487185066,2.6349607272990738e-05,-0.023371482641588504,4.368821823049669,508.5568303008758
16,DECART.csv,-0.2667010992702533,14.758620689655173,0.2626428788005728,0.13187144543556967,0.041269579142949375,3.1957105438753137,-0.0030689163984715107,-0.031124665083959502,3.535004357558448,424.7644378373138
16,DaL.csv,0.006396504976807604,19.444444444444443,0.031126985180164213,0.4551022653643462,0.9283346170066775,nan,-0.02400784412986312,0.05590127067831463,3.1864365297912234,382.5561456489291
16,LR.csv,0.05685775146579064,22.8,0.11692656170139015,7.398655500375141,1262.5847619233866,-0.026746802354005395,-0.009689238922697796,0.03549223436763482,163102380118.79218,558.2262980318651
16,GP.csv,-0.03424354179443029,12.285714285714286,0.3632547180810929,-2.1865081291976143,14.05368640362178,nan,-0.00543783473127013,-0.03677417075209166,6.963870338702321,580.5103427500334
16,RF.csv,-0.08392159115726566,17.607142857142858,0.09663602749333022,0.3973070708380764,0.5707044739190208,-0.20849153687871813,-0.00630288813351465,0.037085318078139085,3.414799524814508,426.9605368857947
16,HINNPerf.csv,0.007293106265010563,12.642857142857142,0.06055355326652612,0.3203255231485446,0.16006014167487181,-0.4856553602074276,-0.01824603123944224,0.050826068028959726,2.781835723522362,333.47815972687107
16,kNN.csv,-0.16582557657684802,17.0,0.12091453959622911,0.3390180546570621,0.6361228977270856,-0.5467813890174631,-0.0024339374390303092,0.02534326333918202,3.4963565595026043,433.7825033125424
16,SVR.csv,-0.008126833623729512,18.678571428571427,-0.05068958503846788,0.4377732951719366,0.6684562776060257,-0.4055932618182796,-0.005574283283381831,0.08752818414938957,3.2215059747000163,393.0984736912572
16,DeepPerf.csv,0.03949291443478942,24.44,0.03784502468170886,0.41842209666435654,0.9677397532696643,-0.07711699508781877,-0.021669772641279894,0.05373512533201341,499.9657865862334,385.1031115276476
17,SPLConqueror.csv,0.27644423207999563,14.285714285714286,0.05795505643279952,-1.6105381452387288,193.09745816008297,-0.061006971646734076,-0.013848276122728764,0.05464684557736621,13182887224.78488,628.5560960880359
17,DT.csv,-0.2704832578423728,7.9655172413793105,0.23692099016056078,0.012064444214893055,-0.010094745715709008,0.598697038344874,-0.0011206125689761093,-0.024064779829320093,4.313067279009999,508.6967817171734
17,DECART.csv,-0.2471744433430311,7.714285714285714,0.2594581095093612,0.14458911219928378,-0.0011740066605453459,0.5482394297222952,-0.003108940618315792,-0.03174103983325982,3.4885826069830195,422.9645876669127
17,DaL.csv,0.08879225505418803,14.961538461538462,0.0671671923476127,0.5136196880504613,2.57844230064903,1.2922209965656426,-0.028481864575413907,0.041461460855328536,3.1103118660181335,376.5586588141778
17,LR.csv,0.03222757358994105,15.607142857142858,0.12987010709374036,3.083864361836804,1090.8844325801538,-0.15199043957158143,-0.012308778722712965,0.029258872205237152,173616628114.95673,552.6635576729517
17,GP.csv,-0.030034317105218866,16.22222222222222,0.36128759449995496,-1.7063406761442599,10.388998201651889,nan,-0.008832170013669871,-0.03732256028020442,6.8790786479938255,579.3172242228137
17,RF.csv,-0.09149522849988306,8.689655172413794,0.10363840646415168,0.3484597276541685,0.4635529647949941,-0.1403429398750502,-0.0063126973127830555,0.03728033239722661,3.350519863900444,419.0799144814629
17,HINNPerf.csv,-0.040731816738656446,12.148148148148149,0.07215863463355954,0.3411542072682215,0.17977117405569149,-0.49071603122040885,-0.014199834478492712,0.04443900956152691,2.7060584155936476,326.23815736826543
17,kNN.csv,-0.18184457448098074,7.655172413793103,0.11351838897172362,0.33948053199107536,0.6217735337796824,-0.507906745998377,-0.004424274003680284,0.02497292714513666,3.4413200955994814,428.084530538864
17,SVR.csv,-0.02916790778412437,10.714285714285714,-0.0622053139624229,0.3998356942180156,0.5677754793022184,-0.44496494776542317,-0.007908425795594476,0.08929917001997811,3.1461307595603896,386.02791384285047
17,DeepPerf.csv,0.05953992546037046,15.72,0.018995786487150945,0.3162080950315446,1.0071483302584174,0.012311578874792728,-0.01940027892305418,0.059870262802388385,499.2825344373301,379.1021888210427
18,SPLConqueror.csv,0.2196158570745223,23.103448275862068,0.08153249567981302,-4.653161511014143,195.00185160848258,0.12735063634779076,-0.007360996338152126,0.050392137353244326,4247345086.6557837,557.2729668184776
18,DT.csv,-0.20690991918781634,13.275862068965518,0.23862423283010603,-0.031535822735586416,-0.11028472121398758,0.5987567858042018,-0.0006030721067503686,-0.019489352754305744,4.3757103674011,505.88036759921926
18,DECART.csv,-0.2666609343892228,13.96551724137931,0.26019222242021656,0.09981032922554467,-0.03396253629421642,1.7330840376352874,-0.005385716708298682,-0.027969119984112223,3.5263344185719876,419.1810344827586
18,DaL.csv,0.10985237914395896,20.666666666666668,0.05466196867916251,0.13110329829036682,2.0428219138245334,0.8912350969891338,-0.022721818726695653,0.04779798239907462,3.1170101915811377,369.54030398322857
18,LR.csv,0.029819967244294643,20.23076923076923,0.12670478435405363,2.4697049137186884,1550.6930837680193,-0.21894754796863736,-0.00917259070117138,0.03495022203144138,158318669348.12466,542.6147133526849
18,GP.csv,-0.1458891728928094,13.25925925925926,0.361754910677765,-2.1221314268893328,12.877876047597843,nan,-0.010144274137371512,-0.03444850402201971,7.025231921307199,574.4648846960167
18,RF.csv,-0.164319982460535,16.517241379310345,0.100855852869143,0.33847064112980346,0.4562064641935625,-0.1231386027188075,-0.005270619213053829,0.03823507906683132,3.4076888969724894,422.914037085231
18,HINNPerf.csv,0.006126901180761146,13.074074074074074,0.07891074575812829,0.28198184695565814,0.1438121147067829,-0.7490603075620917,-0.017506204267247694,0.04675938684188208,2.7198990943368524,322.536285814116
18,kNN.csv,-0.16398453214752345,16.75,0.12181156436649399,0.31798370232262024,0.5873313181607225,-0.4304500053582968,-0.003674875144709433,0.027539797177002945,3.4719755337037057,426.2833052560647
18,SVR.csv,-0.04653091388945424,15.407407407407407,-0.0588076329979863,0.3530529308588845,0.5391653692143028,-0.2601780221400817,-0.008884857387115641,0.09371206221234019,3.1869005615387698,384.50642907058005
18,DeepPerf.csv,0.04434427605722685,22.962962962962962,0.027949879231223884,0.24508802497218457,1.4136891557130828,0.15282320771626456,-0.015359133776751133,0.06227358561904528,499.4180902385722,371.81149545772195
19,SPLConqueror.csv,0.19369457470687496,24.115384615384617,0.10009815838771574,-0.3734405538838906,78.32714227885951,-0.02045376905283014,-0.006695468132812299,0.04407146239148085,232.42490643400302,567.1458724202627
19,DT.csv,-0.2269334231588938,12.137931034482758,0.23211887591176483,0.005087908522583673,-0.052019371544181126,1.634020206598987,-0.0013291126706596046,-0.02083254865410933,4.4367640542521745,518.6934075176296
19,DECART.csv,-0.28564033799013844,13.793103448275861,0.2576574668414411,0.12028866568776525,-0.00027757489939139735,1.3277318340418198,-0.0009009720322850079,-0.028714344654877322,3.576762924654063,432.34515106424277
19,DaL.csv,0.04082666255175166,21.92,0.04521650158298213,0.739387643163113,6.578391936507252,0.6936292817939229,-0.027407820691505935,0.05291828077798899,3.196231959060899,385.5313508442776
19,LR.csv,0.01999630303081651,25.285714285714285,0.0991832665253568,-2.763792820286915,1251.5071704090028,-0.22546946579851224,-0.008284120343580836,0.041588223853483264,80802756739.59126,551.4349370142053
19,GP.csv,0.08058405439559457,13.0,0.3604171077310555,-1.8585107036220807,12.025695198905073,nan,-0.006276403775054451,-0.035278956013756746,6.943639183570392,583.3158103622457
19,RF.csv,-0.14082391828210952,18.482758620689655,0.09493184091144169,0.40196408116182164,0.5507929650120147,-0.10890792087905665,-0.0052429732741766655,0.038543040583066346,3.3992707183738875,427.95557029177724
19,HINNPerf.csv,0.00716084014452506,12.296296296296296,0.06987427380172995,0.349828604966087,0.17784040234273846,-0.44688811875791745,-0.017090627959134297,0.046631410303729304,2.7297390845786103,327.969130011813
19,kNN.csv,-0.17790773782762423,19.379310344827587,0.11256139386479624,0.38064595939401497,0.7123947561994475,-0.33928543449079906,-0.0012740620500159006,0.030226921386488304,3.4876884139826623,434.7066862910008
19,SVR.csv,-0.00013166276333326232,20.571428571428573,-0.05891777877081056,0.40076242264461875,0.5778073931110043,-0.33596861929893984,-0.008913004461591711,0.09278414077183861,3.2139222114845656,394.8430213079604
19,DeepPerf.csv,0.06942056317199052,24.379310344827587,0.023815194731717282,0.2950250082768006,1.857314641321315,12.400583430911583,-0.020484421478498382,0.06031631752554467,497.8975859874146,385.75690625606524
20,SPLConqueror.csv,0.15915707827597253,22.037037037037038,0.070399389493215,-5.30011599218512,178.77884046218702,-0.07093707824589646,-0.010468356543835267,0.05152560078945101,870298135.954646,613.0686746364437
20,DT.csv,-0.24527252664391946,13.206896551724139,0.23993352218363628,-0.024658053445121453,-0.08988624139124435,0.9557620641908484,0.0008505928949215091,-0.023542779467595087,4.33932788689495,508.37837881245673
20,DECART.csv,-0.25723444285569436,14.482758620689655,0.26510095709682724,0.11502885918711542,-0.028343122345826255,1.1857844382688663,-0.0013307299032528919,-0.03214329161498908,3.4620759761710596,418.1160079019643
20,DaL.csv,-0.04975484144538678,20.185185185185187,0.051958498672258824,0.3154715117932924,1.6380438095550856,-0.1879482539305921,-0.02359567775369098,0.04990335289861969,3.1723620226332048,384.61198226638373
20,LR.csv,0.03530998266515695,21.25925925925926,0.13039697440929077,-1.0446309363116373,1129.7334638171644,-0.21379116050544233,-0.012024216464837534,0.031386122113360115,94545451421.7143,558.0072970035709
20,GP.csv,0.07352531320189454,10.928571428571429,0.363264048682979,-1.8782261512832525,11.795011575157545,nan,-0.007944115063462487,-0.03721557141229326,6.933976601005993,579.0358639962739
20,RF.csv,-0.11736638117690207,16.464285714285715,0.09576454771817766,0.38516334136730995,0.5353507769026643,-0.13015026647485706,-0.005951343203114745,0.03829916141244172,3.3963803440930653,428.8056590591523
20,HINNPerf.csv,-0.034516769389420054,14.068965517241379,0.06583333427107185,0.327714433248605,0.18161196157856352,-0.3331993547434834,-0.01271767615524566,0.0495834583481356,2.7770868092702017,335.0728843775598
20,kNN.csv,-0.18398617517600807,18.06896551724138,0.11234570919679021,0.3433591193409972,0.6039452959033184,-0.38474249136693806,-0.0022387279846436403,0.026886756810961976,3.506681889847185,437.41268490114504
20,SVR.csv,0.0013027939949856737,19.035714285714285,-0.041686380487291785,0.4133362234737648,0.5953343412504999,-0.14109733274062486,-0.008394297773533843,0.0844859997388756,3.2326418227842497,398.36670769844966
20,DeepPerf.csv,0.030257855292054048,21.73076923076923,0.025867630476127612,0.285676787245388,1.8068650207406178,-0.5207647541543008,-0.01843923927258906,0.05892811166517631,500.18559756004373,387.05046397477696
21,SPLConqueror.csv,0.2719209368577224,21.77777777777778,0.07265389406102496,-1.6461567796949257,167.3125086565475,-0.25253728269220355,-0.010581970860293444,0.04942212179552152,695117436.0474093,608.2741776741777
21,DT.csv,-0.2233533866552801,13.758620689655173,0.23272260355502172,0.026610358664871103,-0.02303056838387696,2.238039223078424,0.0002833616560349306,-0.02315545798391716,4.351894465095433,512.3179004903143
21,DECART.csv,-0.2663479273695383,14.827586206896552,0.2589745125655514,0.11205833407024063,0.02803343068456915,1.250967850007308,-0.004967122873733909,-0.03063405446886469,3.5095803550872784,423.74849288642395
21,DaL.csv,0.03975360442832382,22.035714285714285,0.05227489034868782,0.3589084131996951,1.292309531074625,0.9417198614891695,-0.0231331248241482,0.04896172568616708,3.150521681452044,380.49658674658673
21,LR.csv,0.10618505069621637,23.310344827586206,0.10591607674849501,-0.21422978599529324,1364.0137162379865,0.2742166965496946,-0.009513975676174735,0.03715650081331945,121969808561.60431,550.6813117916565
21,GP.csv,0.048467190986146436,10.0,0.36090391564437985,-2.0038194054366922,12.0838559907895,nan,-0.006479773004549938,-0.037030240444003826,6.908932891547374,581.5350082016748
21,RF.csv,-0.12303924915136949,16.379310344827587,0.0936662576021241,0.37191970304756855,0.5291745103244465,0.0067052656256074705,-0.007213245968991755,0.038994308436908875,3.40405140878211,427.75522867936667
21,HINNPerf.csv,-0.019646169764550248,11.038461538461538,0.053287979823315845,0.35094546245741226,0.23070631506643174,-0.3976146389962276,-0.017206454700885998,0.04999273648352809,2.7900683395538386,337.2915725300341
21,kNN.csv,-0.17788081684610493,18.586206896551722,0.10686455355904079,0.34113193368129097,0.6403853860726035,-0.3207730632105432,-0.004453351125640936,0.027821222094648324,3.490031716061315,436.5131741821397
21,SVR.csv,0.011326906057153252,19.77777777777778,-0.06174997367617624,0.3956583456925115,0.565406577252608,-0.4922194733639452,-0.006964787402426675,0.09018539575257023,3.2015016308254514,396.10907364240694
21,DeepPerf.csv,0.009109821068220836,20.807692307692307,-0.0015622981038851957,0.30154085807585423,1.1326808598198754,0.05516527672228233,-0.014508759461874798,0.06727537222674917,499.0553283325216,383.2390353236507
22,SPLConqueror.csv,0.22767433972021073,20.92,0.12569102351130002,-3.5721560906529244,81.45766423521366,-0.14065459475071562,-0.009367832019766098,0.03741585810296122,884284.2141008399,586.6736338028169
22,DT.csv,-0.2484416355749152,11.655172413793103,0.2446652828604987,-0.020471065336595873,-0.03416881508145553,2.215050282050191,-0.0015470379109977506,-0.022513529491595574,4.354342124724096,508.3989315201554
22,DECART.csv,-0.3228596695067933,15.714285714285714,0.2642269054697173,0.1108103135116773,0.07466676970126701,1.7554653485130334,-0.004987686670521074,-0.02867479557740371,3.5052880388088448,421.1482729711603
22,DaL.csv,0.03754550236043375,20.76,0.06959712679768493,0.5054294385734974,2.6526752955030326,0.44215917351682643,-0.02838808335744547,0.045864932098923616,3.158536908825147,379.2358873239437
22,LR.csv,-0.036947880532575084,21.24137931034483,0.13532417876465908,10.542934627494146,1095.6459769017574,0.1331414254516743,-0.006886178724933911,0.0329400587697255,111428784741.645,549.4937672009066
22,GP.csv,-0.08774630395867888,13.0,0.36667621672184525,-2.217903520451496,13.455305032647042,nan,-0.006493377616222373,-0.03476932657331022,7.070237747114683,578.8444925966053
22,RF.csv,-0.09540000003233484,17.344827586206897,0.09715030795358592,0.37229071571791933,0.5412500859993489,-0.3552414073685083,-0.007911206354997868,0.03830174149942067,3.3723527143918335,421.79966002914034
22,HINNPerf.csv,0.0593422971679789,10.571428571428571,0.07985400137850318,0.365489151873515,0.2874604733544736,-0.27834550275013503,-0.01392395096111787,0.04482459749282819,2.7133755023336543,325.32199865861827
22,kNN.csv,-0.20221586634382066,16.620689655172413,0.12025213732059248,0.356587926018129,0.6881595250811534,-0.45787055780699415,-0.004427471315907039,0.02724786278022473,3.4708121259140023,428.7653067832282
22,SVR.csv,-0.024743893227041736,12.642857142857142,-0.0470742347046626,0.3997803045044906,0.6193894879029089,-0.4189009698309403,-0.0073317697218810984,0.08930708926617181,3.179681944195037,387.9600268276325
22,DeepPerf.csv,0.06863539903065136,21.26923076923077,0.031519120297143155,0.3118900744693553,0.8633266580508769,nan,-0.01718883877957289,0.05955973036619011,497.14782741042256,375.06036475261834
23,SPLConqueror.csv,0.3384856906970652,7.448275862068965,0.11674384311789365,-0.1813201088912322,0.8686564806347015,-0.026350929424077574,-0.005133107396879,0.021286112540285895,4.114052653022998,799.3029828369397
23,DT.csv,-0.11842034688102956,5.142857142857143,0.21824732911476719,-0.044338211574647124,0.021462847572357557,0.644882245441686,-0.003991964983530494,-0.03375854688254731,4.289080296133316,725.0478817094651
23,DECART.csv,-0.0722422975310753,5.448275862068965,0.25111695506938037,0.0880980993136522,0.12766376309936545,1.132551901794702,-0.00997699026631138,-0.04632557400440174,3.488499116205246,609.0759918548189
23,DaL.csv,0.01488890278884386,8.142857142857142,0.040626118398163935,0.3989837073352474,0.6636216709317613,0.21694333962205525,-0.015984927496919155,0.04009315328258456,3.1571012635521956,564.681630666543
23,LR.csv,0.3360716568616802,6.928571428571429,0.11706071559849762,-0.2406751002906467,0.9062157350934155,-0.06855274502503916,-0.004772309121841345,0.020113276790263312,4.105704648361737,795.4564522109947
23,GP.csv,-0.01613636228893245,12.25,0.38889255021423863,-0.3631157548879954,2.825499990546144,-0.22048757598186253,-0.008553062831348823,-0.05641532185327147,7.519545018732852,828.8088439788633
23,RF.csv,0.10747485483027364,4.896551724137931,0.06065621529001641,0.3138155915254412,0.6131525168422454,-0.430598728692301,-0.011194613199540182,0.03537269903855733,3.32609952963252,608.3440779610195
23,HINNPerf.csv,0.045375793062065906,8.580645161290322,0.004513728035810127,0.38058747228818585,0.3769941788558194,-0.23300609797550031,-0.025501143291800976,0.052332929752143875,2.9053021786563966,515.3048502229387
23,kNN.csv,0.08054775670159142,4.655172413793103,0.07647666327497915,0.3016831385949656,0.8072076182074299,-0.31790781190487494,-0.008132195763889793,0.022779824089800282,3.2940056159593105,597.0483452303698
23,SVR.csv,-0.013635959989996504,8.275862068965518,-0.06383750799759358,0.4533674079714241,0.8885348059486531,-0.21571924502054962,-0.010093343267305266,0.07605188444365885,3.1777431393297157,572.7945467564724
23,DeepPerf.csv,0.0519641704466578,7.137931034482759,0.04399663463258402,0.5159846025579586,0.8077981921635703,1.2587880119780535,-0.01959974851423396,0.039066906232745224,500.2003464382326,583.6553738056346
24,SPLConqueror.csv,0.3351135440394542,6.275862068965517,0.14070947224362917,-0.16006140484728654,0.8290387385970261,-0.03427369999578378,-0.005486976424110668,0.01588446785657871,4.107376053215487,796.7918055897424
24,DT.csv,-0.08516288726750348,6.068965517241379,0.21985646591097452,-0.038289642765979126,0.033036172159962185,1.3841493797614033,-0.00438715909439924,-0.03196635118146207,4.300400463147691,728.1973528161293
24,DECART.csv,0.029349516163124922,4.275862068965517,0.25240362516716763,0.0951670235064056,0.14351505837448197,1.2198820709114206,-0.010617615753055976,-0.04425073169512905,3.5252950035350294,614.4610530555618
24,DaL.csv,-0.02175017000993723,8.89655172413793,0.09019368536095107,0.5290643584291321,0.8827976645421293,1.4335950032530669,-0.03251122542555607,0.021991013800024883,3.2247369788286195,579.3580075633824
24,LR.csv,0.3650961235330586,5.714285714285714,0.14512690638370196,-0.15403859121079874,0.8230269189408489,0.04048510543945483,-0.0039013861571512987,0.014073581860423068,4.098094056470893,795.2294660239177
24,GP.csv,-0.014664336241861364,12.461538461538462,0.39010572704389823,-0.38770449876221275,2.8389231086243503,-0.2831572521160798,-0.006536200000792691,-0.05464100374200509,7.632707062848109,834.9450157240553
24,RF.csv,0.05970139581025663,6.482758620689655,0.06889090391585284,0.32194453613438295,0.6346844483351336,-0.3814670193398215,-0.01390725880692667,0.03426563852063136,3.3256077405980626,609.2969075163911
24,HINNPerf.csv,0.10160664360592953,6.896551724137931,0.004937805838025999,0.3982203888786899,0.4715829783154163,-0.08583208842083989,-0.01712305305284967,0.054142191400962436,2.831843161139378,499.9202040770659
24,kNN.csv,0.12570947900427248,3.4827586206896552,0.07896049598548971,0.30303725508003937,0.8130572015621098,-0.26592296545486127,-0.007493762135151183,0.02314706255655341,3.297603517410206,597.0683725301528
24,SVR.csv,0.03756406219833114,7.068965517241379,-0.05382385810612128,0.43754577815801593,0.8475536821920961,-0.16313416223054666,-0.009095587192632815,0.07394744564283229,3.1647845385704096,569.345219181454
24,DeepPerf.csv,-0.03587171628974051,8.75,0.0426424343340126,0.49293472756257545,0.8003693650567332,-0.04936648917236952,-0.02106113398835152,0.04231370556910663,499.37486460137234,576.7701863354038
25,SPLConqueror.csv,0.30274537108593397,8.642857142857142,0.2701379150051909,0.17677028989212068,0.10876897551913567,-0.20885087274916225,-0.0065306701047267435,0.03745934636257087,3.2323127711714448,165.86389751552792
25,DT.csv,-0.11478809194595349,7.344827586206897,0.3217322071448354,0.14645914646162378,0.34966733702657127,1.9409155797322957,0.0023856404422374355,-0.007100418721410651,4.089522626668992,205.82537481259368
25,DECART.csv,-0.08566204472885264,7.068965517241379,0.3435088188389882,0.2599185152500521,0.14981017590795037,0.317551794016635,-0.0034765512055131564,-0.013990133396412308,3.0008265204792015,148.7055472263868
25,DaL.csv,0.07616335414298303,15.857142857142858,0.27339878457040845,0.3624214236299503,0.3226962585030775,-0.39250018495037786,-0.020693293265584667,0.03316396531624277,2.6484809447527615,131.94157608695653
25,LR.csv,0.23031072595962815,10.172413793103448,0.2668971246860645,0.17899911493756765,0.11337296723678897,-0.130687046418833,-0.006776430548652845,0.03727312731748611,3.219048070144246,165.05209895052477
25,GP.csv,0.0633445388477129,26.423076923076923,0.3969325877237766,-0.3131831162311652,3.930403041995653,nan,-0.01790312767982838,-0.000398881578446586,6.791284968513702,214.07240802675585
25,RF.csv,0.14763216085080128,6.551724137931035,0.22990312168756388,0.3233319624697218,0.25731487184469637,-0.5210954912535148,-0.006838775710614864,0.04533946169026848,3.053000162193119,151.74051724137934
25,HINNPerf.csv,0.19226835176058393,5.068965517241379,0.2529540962003076,0.40206341763787395,0.010619830101541772,-0.31709939382903785,-0.01679452583768315,0.03589247894814196,2.19926328199025,112.09512743628184
25,kNN.csv,0.174335503968091,3.5172413793103448,0.22383115766957284,0.3762111032292164,0.3302667283614862,-0.4802249083564911,-0.015662995593674456,0.037292290291616514,3.0692261768946256,150.4062968515742
25,SVR.csv,0.27246637868453955,5.107142857142857,0.2966518901604702,0.5146724858643248,0.025623229283989357,-0.42073774742458037,-0.009070787942667025,0.02652089126190149,2.663421564826344,135.82364130434786
25,DeepPerf.csv,-0.04549203587266604,16.444444444444443,0.25393277352831023,0.41166997914183284,-0.006175558345499099,-0.23530993543688516,-0.011763876960442343,0.03707468785607759,495.7380633473923,132.50434782608696
26,SPLConqueror.csv,0.25938946545051916,9.551724137931034,0.2649313323379392,0.1275301659669842,0.20313090794112176,-0.17837254506254996,-0.00470454329371095,0.03872498560810678,3.2582518846978905,166.3041296941106
26,DT.csv,-0.05687628650789611,5.0344827586206895,0.3249111144338618,0.13886365785498195,0.36209466407480106,1.061082156530211,0.000459996606358537,-0.008230783886773563,4.134228957508888,207.3146130517803
26,DECART.csv,-0.03440971634377982,6.103448275862069,0.3430323469771993,0.27146683109098385,0.128116814398458,0.028693159016602854,-0.00038768123850407843,-0.013771089660051361,2.9824000259823547,148.09667153393985
26,DaL.csv,0.07167120268960603,15.26923076923077,0.23595521653715734,0.3798306094574256,0.3013011934362389,-0.49835057181332376,-0.021573861865515354,0.043681184436160314,2.6106629434122954,130.48868286979035
26,LR.csv,0.09390120425669923,17.14814814814815,0.2687419496496236,-4.522585138799289,406.4847908294157,-0.18627965879725583,-0.005747113195258224,0.03705515699151096,45259752066.30456,166.399042908272
26,GP.csv,0.1731129868409647,25.96551724137931,0.3939140722383474,-0.7891828632382049,5.183103031298836,-0.5228464967293828,-0.018661997179545975,-0.00045974863950248857,6.828511787459463,212.39102924107982
26,RF.csv,0.17429835257909004,6.068965517241379,0.21333823637777583,0.3025695166370796,0.23878312913949584,-0.4709725159471042,-0.006631958360365897,0.046145298025864534,3.087469948554111,153.80740574338236
26,HINNPerf.csv,0.27539582180541206,5.103448275862069,0.24654801585285924,0.3841481798809469,-0.025824055134371804,-0.3774983569009007,-0.016647445423561558,0.037593218329368794,2.2241569615454906,112.24665842974278
26,kNN.csv,0.13683686129050593,4.931034482758621,0.23445471396959883,0.3907321993113085,0.3707050118155317,-0.4863249777529154,-0.012774100541521727,0.036328982232629925,3.090526554404107,152.23130779886927
26,SVR.csv,0.3254417648624713,4.655172413793103,0.3028960633274933,0.5064114774169721,0.016676811186025486,-0.46520692529718255,-0.009716923658221743,0.025558721761156478,2.689361735096233,137.59073720468757
26,DeepPerf.csv,-0.07796700352715424,20.653846153846153,0.2500285482000657,0.30443175574351916,0.6944210544340592,-0.11526241612960297,-0.009786028145765235,0.03871103856552971,497.66290868417167,135.2757871878393
27,SPLConqueror.csv,0.3545594724614786,7.333333333333333,0.13652043906535927,-0.16963857255902468,0.8402406802382031,-0.061498289964458275,-0.005824304644279743,0.015376789372248179,4.102066238980698,799.8407719854831
27,DT.csv,-0.053470933006586174,5.714285714285714,0.2147361582609617,-0.02211104772696504,0.02513147155059048,0.4462094401480061,-0.0030276252652162716,-0.031302441538516135,4.287123545600425,727.3693566329841
27,DECART.csv,-0.13131409965015758,6.206896551724138,0.25031138770380956,0.11566957861717714,0.13505915874793484,0.8124606352667694,-0.011925538033684013,-0.046211577791228975,3.5079093557839935,613.7216205330171
27,DaL.csv,0.08562412846229578,6.206896551724138,0.06435958748451609,0.5088042971603801,0.8170565543630359,0.24919265135051916,-0.024328516633973507,0.03272619709894764,3.1722200106930805,568.4239745798743
27,LR.csv,0.3475610716574515,7.25,0.13212514500426376,-0.15808999032394414,0.9078560563719913,-0.041139914769664054,-0.006553896846402174,0.01635033986526191,4.099591991472847,799.7119681097618
27,GP.csv,-0.12050098010678656,13.241379310344827,0.389719295690115,-0.31947327177748447,2.567044571978549,-0.3016897618448844,-0.005615325903129298,-0.05600600630203134,7.539391548138965,824.4750162232317
27,RF.csv,0.12651330255741722,5.172413793103448,0.06259181465451324,0.309830439484638,0.6415248212136954,-0.4537371269471929,-0.013238273874251139,0.03580650749424086,3.3080853435292568,604.768746223903
27,HINNPerf.csv,0.06648735728124816,8.96551724137931,0.016819924480197423,0.3951255693575095,0.41875465086711783,-0.1497684574685214,-0.02040380308662504,0.048781808402710514,2.882765238569594,510.8561390946318
27,kNN.csv,0.0810687050941234,4.9655172413793105,0.07273972577358068,0.3276288802014337,0.8271848606548193,-0.2891585555080388,-0.0074031115752947185,0.02367214545634566,3.288586430731098,597.6284432410661
27,SVR.csv,-0.047577536746201465,8.655172413793103,-0.05100437232662297,0.476996404440247,0.9024475605526312,-0.2976521732371401,-0.008990377398755522,0.07119959796239084,3.1749888361238487,572.2134641634406
27,DeepPerf.csv,0.009025113552491915,8.481481481481481,0.051510705126358636,0.575708957282115,0.9342943421366527,-0.12005063954750717,-0.02241661408192297,0.03665993733035855,498.637967399091,582.13210517461
28,SPLConqueror.csv,0.24983166867490686,20.896551724137932,0.1168408179977799,-5.573846000629852,129.27634889948447,-0.13295615502583713,-0.01007109734306566,0.03461028045619463,201.09251344682866,472.7862185988453
28,DT.csv,-0.18271938237668278,11.482758620689655,0.22873424911027807,0.07787288642731888,0.06852346753025612,0.43165732128051193,-0.0014074519716672507,-0.025780312663061022,4.430241112252084,428.74524106724914
28,DECART.csv,-0.13783675434267378,13.448275862068966,0.2418798256432786,0.18184733117447888,0.08289406523406445,0.5337146496718397,-0.003151806349064201,-0.029010469513238824,3.417316522430792,336.3679981276329
28,DaL.csv,-0.03167412565991462,22.6,0.041230738422183,1.2098236164690919,11.61392009037526,0.3416822407629856,-0.024369363536889788,0.05144429494494007,3.1589434587534804,308.98977375565613
28,LR.csv,0.0952869551958695,11.333333333333334,0.13681562194824304,0.7384093926245492,48.52667013515195,-0.10718917207848588,-0.009589964407891172,0.027956126300787143,41889965653.84619,450.48868778280536
28,GP.csv,-0.3233995342012501,26.285714285714285,0.3391008095275483,-0.839501062093696,4.888051406205554,nan,-0.008246822509896945,-0.030848151393992107,6.812700159414217,476.06015675500964
28,RF.csv,-0.18669004779788612,16.379310344827587,0.08879432088434558,0.3907163059684748,0.5294012595201415,0.4420014888236994,-0.009759662236452193,0.03809779519165901,3.4052769348188523,347.94780777032304
28,HINNPerf.csv,0.015693586344413868,19.25,0.049326245855925765,0.3792480096648802,0.12967239899870753,-0.4445632190674951,-0.02169044830502942,0.053822020342550014,2.6592767885311375,260.6037289915966
28,kNN.csv,-0.16148949163865067,17.689655172413794,0.11508547395034663,0.4242007113042023,0.6684311278830175,-0.5232640806362314,-0.01058888650719303,0.018265075872816117,3.5430355088071783,360.460329224528
28,SVR.csv,-0.011479011542783024,18.82758620689655,-0.06440820681108261,0.5652152416905429,0.6519973008062598,-0.0355568021437922,-0.007165337403449157,0.08962691749770879,3.139568859379369,316.3834841628959
28,DeepPerf.csv,-0.040586005959578064,24.964285714285715,-0.021294310058747823,0.44454368772253333,0.6688195074951183,0.16155451417088385,-0.011065650169658436,0.07410502250512407,498.0283041366378,307.3378716871363
29,SPLConqueror.csv,0.3104519853679914,19.535714285714285,0.062358396586040254,-1.281474771606964,168.844775873541,-0.25329822892778553,-0.008092189030183272,0.04561416156370002,12705502000.827578,742.5084249084247
29,DT.csv,-0.11109385877013639,4.464285714285714,0.2226711607449584,-0.006662949768663884,0.03988169136959063,0.9682296437871714,-0.0009637865577888372,-0.028846731460005826,4.31046441439471,599.8788813750352
29,DECART.csv,-0.1260301142826619,4.892857142857143,0.24600167638316628,0.09529061971050662,0.08603508600113025,1.9627677828659642,-0.005474090269932397,-0.0381295448860941,3.4454545871215445,488.6488870104254
29,DaL.csv,-0.1922099069001607,22.44,0.03529049013351848,0.26730234400658,2.197820777095431,-0.06548621916439368,-0.02145684689297256,0.044655794660819814,3.1425986879541505,451.6858856015779
29,LR.csv,0.12729213048111726,16.666666666666668,0.12878921173480418,-4.0048224227961775,1540.586517164927,0.009527083447704143,-0.004133408959700713,0.02345578944043758,33853453811.013298,646.422718971437
29,GP.csv,-0.13595991526128653,23.296296296296298,0.3761411001123335,-0.8610282598248518,5.0911137331781315,nan,-0.009482187688197974,-0.04670423607074603,7.596804359735978,685.1601139601139
29,RF.csv,0.12775718552924437,4.793103448275862,0.07091641681514815,0.2761113776867667,0.43476267812789393,-0.24151120792142067,-0.011960854054477887,0.03526707530951445,3.3180565665244512,489.42241719377
29,HINNPerf.csv,0.09587682251231089,8.655172413793103,-0.011502137221443165,0.4101787665666771,0.3375128271279905,-0.09730532119394031,-0.02468247939319601,0.06423385777218749,2.744628329793603,394.50880772631433
29,kNN.csv,0.10190832297957397,3.310344827586207,0.09145644266021369,0.327918945659134,0.7192704894022557,-0.40364641855275496,-0.011044017253533767,0.021454964777281038,3.3447882461392067,491.8679045092838
29,SVR.csv,0.06744257457413083,7.655172413793103,-0.04389008525925858,0.4459308982041909,0.7145125254723179,-0.12686184195167116,-0.008598438570157962,0.07613381719144396,3.1225517091122468,453.3766714275999
29,DeepPerf.csv,-0.24744127817186068,22.448275862068964,0.04145304199368305,0.46163546242013803,0.9837329491858445,-0.020019701090586928,-0.019917034408401313,0.0472110109220204,497.1568527032439,455.5352377065906
30,SPLConqueror.csv,0.25894150337550464,18.296296296296298,0.06916918541199701,-2.22433776503506,117.33426818088579,-0.20503162498108796,-0.009065391939158896,0.04189642552006745,679573916.1135734,665.5167164603782
30,DT.csv,-0.2100831611467301,10.0,0.22013233806529042,0.018267951918021164,0.023457987076541786,1.696897764760586,-0.0037059437756853386,-0.030511614676996923,4.433873823626662,570.386649594537
30,DECART.csv,-0.2260530024922296,12.74074074074074,0.2417557711441226,0.14991818992552997,0.14045563331850064,1.1883039495383525,-0.008571938145996771,-0.04089326833097884,3.539060884070251,469.0233002956008
30,DaL.csv,-0.048294032321779534,24.714285714285715,0.06058231062793917,0.5005025806577816,1.3203606303084974,0.37928873509904726,-0.02376831340455121,0.03773695929651366,3.2227282139862474,433.6003140052436
30,LR.csv,-0.018501505762518744,20.14814814814815,0.13002816645877158,4.787520726303686,911.6937623790488,-0.2608781045973291,-0.006246720599623279,0.022986258868209486,107629774398.17546,608.2712571726655
30,GP.csv,-0.2954943408510146,26.857142857142858,0.3614938404127085,-0.8210310309357904,4.697470553613428,nan,-0.008355588970568095,-0.04310486682816672,7.314864715853266,636.0922199865862
30,RF.csv,-0.04253980429909854,13.03448275862069,0.06437623404303794,0.3822262803621383,0.6533659912327825,-0.04545563486524684,-0.010675544238866741,0.0372709248080112,3.421529576427942,474.08438930342766
30,HINNPerf.csv,0.04555050143665745,14.0,0.021773701396794798,0.4334757498384934,0.40904734693038125,-0.4356806330646553,-0.018713950090313403,0.0531529676753103,2.831995382718964,378.40619474422283
30,kNN.csv,-0.053752635126188,13.413793103448276,0.09407585286358922,0.38539877326819577,0.8223038751610304,-0.5141534544894976,-0.014342187533229467,0.017725448617389117,3.414181840060686,470.32085301779324
30,SVR.csv,0.0035786364142652016,15.10344827586207,-0.08047195645838229,0.5725019053624794,0.896157269035946,-0.29929347097632364,-0.007691508746559994,0.08754309265676663,3.179801933494636,434.1598304560908
30,DeepPerf.csv,-0.03652447636995276,23.333333333333332,0.014129350442584676,0.5323925895728527,1.0918107799716417,-0.38312070567441414,-0.010102635080408762,0.05691426196823668,499.45564684351183,427.42845710627404
31,SPLConqueror.csv,0.3167278261605631,6.172413793103448,0.1390871490768545,-0.30692672081653294,1.0182078159299435,-0.05734123158965487,-0.004026766708648322,0.01593739528167859,4.103706248525596,794.2916265747722
31,DT.csv,-0.21997192024983214,8.071428571428571,0.21781857227783397,-0.037186185299107666,0.008652193820660625,0.4307452247074657,-0.005216455442462076,-0.031118013870354955,4.2742223505729795,723.3550917771393
31,DECART.csv,-0.06803821010226924,5.379310344827586,0.25287353946375046,0.09808267177552399,0.12484389664251294,0.5965621358968012,-0.011216651838333314,-0.045015010212363205,3.4916709320454236,609.271856609009
31,DaL.csv,0.014358119816226755,8.296296296296296,0.06805840142746178,0.49027714473424605,1.1038359145286136,0.04394097827992227,-0.02477519002388251,0.029183378272407356,3.208783570132644,573.7676352536832
31,LR.csv,0.34705998542659117,6.037037037037037,0.13147321143539314,-0.28690980615539546,0.9815615616161655,-0.07783684547948133,-0.003893209434459255,0.01764343775136512,4.09809460006024,794.0689066743575
31,GP.csv,-0.17649293488035034,14.185185185185185,0.38739168669196056,-0.4399377291198252,2.900692899274991,-0.28653069183714486,-0.007709373960491872,-0.05396745668386771,7.575163590626246,830.6297498017161
31,RF.csv,0.08491535509100512,4.9655172413793105,0.07152018628959134,0.2897428958715274,0.5805591722539876,-0.422329852287993,-0.01177435299773355,0.032413921226272624,3.3131864007728433,605.4594419208306
31,HINNPerf.csv,0.1310336163227626,6.413793103448276,0.011236895099365485,0.3968128856159439,0.4748795499743445,-0.1855940960052409,-0.02028778131407949,0.052475287465411524,2.9301732510352196,521.9891024636936
31,kNN.csv,0.11839446536014991,4.103448275862069,0.08096322596378402,0.30406628305871625,0.8275884950384569,-0.2823031569772243,-0.009539986498361408,0.02256161799055323,3.2942339895409445,596.3557922531271
31,SVR.csv,-0.04579132977198708,9.037037037037036,-0.06093431614410072,0.42846479039862156,0.8601029050533059,-0.18324109400071886,-0.00790082323022645,0.07645387143905458,3.1667002481259687,568.2229672891582
31,DeepPerf.csv,0.03071958730342511,7.785714285714286,0.028609338941410323,0.46673150814000525,0.7236356848410155,0.0730136018789489,-0.014248615539203424,0.04786565322923941,500.89028423585813,575.1535412997126
32,SPLConqueror.csv,0.2751074664933864,19.20689655172414,0.044513137446062945,-2.6637777409983507,159.71396548433526,-0.03289249145118478,-0.00939417358601835,0.04745958693384067,10842786767.929316,705.4088771436284
32,DT.csv,-0.14989091286727518,8.0,0.22062100440257237,0.012789434089061025,0.06533909616501582,0.0661874087485641,-0.0013675072361788443,-0.029660921501366566,4.363790348731268,581.2215165593964
32,DECART.csv,-0.16434750755248875,8.0,0.2429843591899501,0.13129187800222952,0.19397577091770019,0.8207551606549095,-0.004181165518596819,-0.03928153633885645,3.498664103715161,478.5766023045338
32,DaL.csv,0.01836674298309754,11.481481481481481,0.07670578076639334,0.5382785140122579,1.060649681263493,0.11036457661429822,-0.023034361518009527,0.032244828883123855,3.2108721068241355,449.88907201391754
32,LR.csv,0.16656866930011588,11.5,0.1558245133667906,-0.1937151344105229,86.57292763598711,-0.05965648893818298,-0.004730749608081397,0.012558651745069205,11721839822.296984,613.819780446171
32,GP.csv,-0.3885045472206068,18.448275862068964,0.36268656000548793,-0.809126932147519,4.635806510260684,-0.2786401665649615,-0.00573037514945729,-0.046407695837441754,7.111626070989001,639.8287654689341
32,RF.csv,0.13537890560053228,5.0344827586206895,0.07712044318750622,0.3466873822271496,0.8119821757519567,-0.5268617568036393,-0.011993014805243174,0.03492555379044637,3.386581735551578,483.49611411846615
32,HINNPerf.csv,0.20385209754866257,5.535714285714286,0.009435673529248623,0.4702455013787104,0.58002633692443,-0.044555260133497976,-0.017943506682312704,0.051977926404301766,2.7790190254937364,384.5774177408912
32,kNN.csv,0.11702528156342928,4.379310344827586,0.08904093535180724,0.37125454140530184,0.9382725200215662,-0.3608505859653681,-0.008606933378988102,0.019209539709439394,3.409560891948534,484.78634045152955
32,SVR.csv,0.06556416710432661,5.310344827586207,-0.060498015815378,0.5171537166053293,1.018405242265515,-0.18552184072845235,-0.006756641919903328,0.07786703792699234,3.1780859053429036,448.7414432462384
32,DeepPerf.csv,-0.018360077247919826,12.88,0.015441912860580609,0.4513501644190184,0.9203607354002518,-0.07495194607033584,-0.01741488733519092,0.05262808982394718,498.0736819362795,446.05237742068397
33,SPLConqueror.csv,0.1104813973793497,22.0,0.10954388203226806,-3.6580742437586524,110.30903414098613,-0.16691211778920523,-0.00984692200711712,0.030976306962152922,3638795258.884543,691.2508237232289
33,DT.csv,-0.18512844492634808,7.137931034482759,0.22185428366835291,0.03204651442878226,0.07168250265341103,0.5519285489089079,0.001124061579024116,-0.02768004739448704,4.3868982639560565,585.4767937283418
33,DECART.csv,-0.20010382853419004,8.357142857142858,0.2430555196589712,0.15699555446765634,0.23494114994444681,0.606156792275071,-0.003931653436791915,-0.03759460672503756,3.5200688651204883,483.49688161920443
33,DaL.csv,-0.09315959085261827,15.708333333333334,0.03968658971467065,0.4034009752472774,1.6347814565557883,0.03720462610389719,-0.018838136967090358,0.039428588772630335,3.2092778667544426,450.7860378912685
33,LR.csv,0.058223484503991396,18.357142857142858,0.141605178402205,1.1306217371042744,1508.9072084668514,-0.1539338305210447,-0.0051148000155990525,0.019274532231232433,69730992336.71138,612.239056248529
33,GP.csv,-0.2742430834155418,19.964285714285715,0.36649632926123055,-0.7757632174528386,4.9925735160829205,nan,-0.006897673523320491,-0.04529668066100068,7.1918873641323255,651.1180866086137
33,RF.csv,0.09422329066086294,5.9655172413793105,0.06644043375640596,0.35927419546447087,0.807000378676637,-0.49642743645435006,-0.012512291242729345,0.035255195581785026,3.3618399557475858,480.1530136908481
33,HINNPerf.csv,0.30448076802962337,4.137931034482759,0.021661134773278024,0.46439978256425524,0.5828319022333103,-0.15796096369179513,-0.020208390618855376,0.054289756803484135,2.807396815271888,387.2467903198318
33,kNN.csv,0.13250940951336682,4.068965517241379,0.09119473700017122,0.34172366556923145,0.8759539116598882,-0.38200342662656206,-0.007845140584087806,0.020676449379206763,3.3947052577681656,482.95894165767197
33,SVR.csv,0.16624587432018917,4.482758620689655,-0.05872289067692926,0.5194864515566795,0.9973204110553662,-0.10892142349928058,-0.00784073606879021,0.08010783590971582,3.1705270322934207,448.4768363347157
33,DeepPerf.csv,-0.12331479887392971,19.96153846153846,0.03342814127129634,0.3542482197537648,1.924021130541728,-0.18261934103763044,-0.01466338479902729,0.05040910121437536,499.1399931415028,446.19233937397036
34,SPLConqueror.csv,0.32348298130656855,5.931034482758621,0.12002205475834193,-0.26315384254704055,0.9669507944293374,0.10113543459440422,-0.0041308322719672,0.01889293324137198,4.114395515572892,797.303374432187
34,DT.csv,-0.1079608734126139,7.37037037037037,0.2143558994446224,-0.026457675514399204,0.023643000061761177,0.5132684427408767,-0.005276930851171091,-0.03211298656410766,4.250944621319583,720.7247458360371
34,DECART.csv,-0.20905623408769966,7.517241379310345,0.24877857202209808,0.08601889914023353,0.10413010810989237,1.2132929888309867,-0.009134755264340932,-0.04584770025279561,3.514210581414591,614.3488330461635
34,DaL.csv,-0.0689912715575981,10.275862068965518,0.04551826187866237,0.504148043600539,0.8405997004705248,0.11839708134028237,-0.022801958566078473,0.03599910890085234,3.1900181172896107,572.0798406766767
34,LR.csv,0.347170448960939,6.275862068965517,0.11499844715915652,-0.25953581197081027,0.9205713897158543,-0.04789629500552994,-0.002572429452383229,0.020318178301352408,4.108378715329409,797.4568350153281
34,GP.csv,-0.10332174401519201,13.285714285714286,0.3877685120201163,-0.42117665334615845,2.9267982810647215,-0.3068228583895949,-0.007443840891193654,-0.05673184451494617,7.4970775787850075,825.1032724575879
34,RF.csv,0.11506996550260795,5.103448275862069,0.05776959889672051,0.2954963889502405,0.6050221586032107,-0.5583935991756734,-0.011693030125280779,0.034578408075118916,3.307873363858088,605.6078341426302
34,HINNPerf.csv,0.13511687786828153,6.206896551724138,-0.011195918344658773,0.44274483399978143,0.5597345704244018,-0.13968974793232114,-0.025290268532930593,0.05831127595118535,2.8766378399911297,512.0914878381705
34,kNN.csv,0.11968415057424936,4.931034482758621,0.07364598905984798,0.264635371078403,0.7381395868554421,-0.2772188659116228,-0.009461329859123513,0.021970558139615903,3.2963844461992435,595.9161538633668
34,SVR.csv,-0.004335794221257239,7.75,-0.07806999729665404,0.4484308775645414,0.8552437029848825,-0.18292441272057458,-0.008060748815373886,0.07929778666698017,3.165969341286078,569.7190136275146
34,DeepPerf.csv,0.015841068285766313,7.607142857142857,0.004888656638638411,0.6627138201114142,4.217483378423468,-0.08791501900720466,-0.01613255166947758,0.05393700552327352,500.114406341805,568.2511124501715
35,SPLConqueror.csv,0.23781184800679506,18.535714285714285,0.14343289120387692,-3.1477774716831926,86.05186097269268,-0.20255910210817052,-0.008049380891097857,0.036571838868877715,6062193671.289853,367.1179833144505
35,DT.csv,-0.29834856400115106,11.620689655172415,0.2557460311628912,0.04444429412388751,0.08932034695617241,0.9312818191588945,0.0012285658246333764,-0.024805982785764402,4.473068827179363,344.3035079432165
35,DECART.csv,-0.26258605592714995,10.535714285714286,0.25935626127288514,0.09436587716150041,0.0270146807017273,1.845619678193655,-0.003460506529822105,-0.0280227639167816,3.3683632268702484,261.38657431249356
35,DaL.csv,-0.18246044248004706,20.571428571428573,0.002944684385461027,0.3492907425520257,0.6674730428118785,-0.4320617884080936,-0.01608862716458548,0.07222921061051246,3.058960183613126,237.16265835822438
35,LR.csv,0.13122187707912414,12.11111111111111,0.16985358525254501,-1.6564063533043647,25.60623274617035,-0.1806080851551488,-0.005331551317509398,0.027849362221841978,22069748453.59038,352.7954551523405
35,GP.csv,-0.20238811596926257,20.14814814814815,0.31973742727769916,-1.0500268150304262,6.222899519643287,nan,-0.009075767109515409,-0.017222348642230934,6.886504085539395,384.1939437635184
35,RF.csv,0.06214851246467146,7.344827586206897,0.11077922112883098,0.30842881437174535,0.6139061411798924,-0.2673724681418912,-0.011975704386231745,0.04051588079965762,3.4542303882385506,277.9576610397036
35,HINNPerf.csv,0.1885006502672925,3.4827586206896552,0.05528858144506793,0.29615908569749055,0.12990504558337168,-0.17827047421344555,-0.01808693055700583,0.06023179435600168,2.630314655323504,202.26745891654028
35,kNN.csv,-0.09046181119685842,8.206896551724139,0.144889058783904,0.350960119268567,0.8095650658514721,-0.37691944198932603,-0.008559228158844134,0.01979381829912985,3.594702418199322,291.0410213062179
35,SVR.csv,-0.04550846700685479,8.379310344827585,-0.0596207987602872,0.45574248906409315,0.7322283368307816,-0.26974862624598306,-0.00990274457065976,0.1002475761956656,3.1325493142927585,248.164284116053
35,DeepPerf.csv,-0.1919617937716475,18.714285714285715,-0.0213111607067214,0.3335582448818765,0.620580557780497,-0.14521911671374577,-0.010658382843457881,0.08673672181375702,497.1331817682849,238.37223194973737
36,SPLConqueror.csv,0.3494706487794467,19.25925925925926,0.05332149786955437,-4.877285208608818,185.17630536335636,-0.21264857709214335,-0.007804826337120652,0.04683219167687236,10888425928.821732,760.6015051713179
36,DT.csv,-0.1487500946721619,6.481481481481482,0.22667620983581072,-0.0014748961269155925,0.05014715063981384,0.7723302706324877,-0.004230926032769422,-0.03201428957914776,4.373043328356657,618.0979372508234
36,DECART.csv,-0.06482679580643036,5.758620689655173,0.24902166304091233,0.11586637583363368,0.14038869718469482,1.3120470899849448,-0.008665191178225062,-0.0411253371765099,3.519931708152796,509.2399940825219
36,DaL.csv,-0.1252843746330313,17.555555555555557,0.07506125634878247,0.5366707197156333,0.9689310096624179,0.693093656410904,-0.025735822054466007,0.03020680958190869,3.227740721505612,481.43973536719244
36,LR.csv,0.05415673467025983,19.0,0.13487293453019555,-4.429429531946339,1845.2328438348409,-0.1503639471071201,-0.004304248833034152,0.02014711762414767,57403812355.846016,665.7469216625808
36,GP.csv,-0.23747553760752768,20.0,0.3780615906478688,-0.7776919672903074,4.667744380128628,nan,-0.00860490509180678,-0.048245169698931334,7.719854420923842,698.1587084911968
36,RF.csv,0.16190489595247531,5.413793103448276,0.06691127517712181,0.3763910147092349,0.7204079068944409,-0.5304203167460747,-0.01411120724112025,0.03694001995191265,3.388006062056921,513.4360239926838
36,HINNPerf.csv,0.1295031128314043,6.0,-0.02050601461791829,0.41897887861084054,0.3788657473796874,-0.193413500211559,-0.024332436025448212,0.06525721335329948,2.844995500365121,419.4265963741999
36,kNN.csv,0.040695559926872404,6.689655172413793,0.09848909001385331,0.35798807497328183,0.8549703573563305,-0.3605068010100789,-0.00857094660222435,0.015659180355200863,3.3784316420358356,507.4185808811663
36,SVR.csv,0.006858981388649987,9.821428571428571,-0.07566584416380945,0.5245798821048688,0.9539776704023565,-0.29070860490212425,-0.0070091254392962155,0.08565422389171784,3.1974615929842685,475.75495876977936
36,DeepPerf.csv,-0.23474238123894284,23.24137931034483,-0.01433300907700702,0.44904022306791197,1.0530426359145046,0.02866024101579434,-0.009429632579477487,0.06365820514940757,498.5517438762043,476.29448867609875
37,SPLConqueror.csv,0.09332245079766599,23.928571428571427,0.08518092109954623,-1.5352553448306345,334.7778175629514,-0.21655160680481134,-0.009591981181563236,0.035066513062606997,10946884310.391588,744.0841356918943
37,DT.csv,-0.1825252496661751,8.814814814814815,0.22336800540732027,-0.014081684371410663,0.04654756461292486,1.1205374637151981,-0.006410764894222543,-0.034450634658713675,4.337749763766702,612.9564176245211
37,DECART.csv,-0.15108970242351938,7.724137931034483,0.24592512635920938,0.09090158766085094,0.11175736162510058,1.0794350573798452,-0.010139811511571506,-0.04293606815262063,3.4904010073117773,505.22167873743376
37,DaL.csv,-0.15449021640529118,25.06896551724138,0.028570245805755623,0.4019417394721479,1.965290752830556,-0.12919818666921645,-0.01999992755918778,0.043565331419222475,3.1939322446169247,472.4440195654525
37,LR.csv,-0.018762270141571946,20.185185185185187,0.1042167224629339,-6.7811833891968565,1436.9608511820759,-0.08111371231839182,-0.0035272102147159146,0.02691623051048775,59131473765.75654,668.8626785092302
37,GP.csv,-0.2335320736189008,21.25,0.37470174510312904,-0.8931801486803099,5.317664108097741,nan,-0.008054625763420864,-0.04958642869330443,7.720627878525179,697.0228392297358
37,RF.csv,-0.024355786068819996,11.655172413793103,0.06549868597438613,0.3066411954905032,0.5890204221380152,-0.466472923583773,-0.012722785931268632,0.03646347573904285,3.367228945774435,511.19503296940877
37,HINNPerf.csv,0.028776394389895876,14.482758620689655,-0.031842142044206545,0.4335093299480392,0.39435707826467725,-0.30733307879547267,-0.024671748658171788,0.06947208147008888,2.8474330119596023,421.0025132418116
37,kNN.csv,0.1118494381113942,8.793103448275861,0.09665747961831639,0.34319103712196736,0.8569007595782763,-0.3230170463378974,-0.010453644177266463,0.014176458074373177,3.356756781604413,504.02751053940113
37,SVR.csv,-0.09233100607513894,15.620689655172415,-0.08513367809436329,0.5110525140327382,0.9261807768974795,-0.4724399568638522,-0.007562053404687075,0.08577500020798334,3.178176072174462,474.51459301697116
37,DeepPerf.csv,-0.20653784054750862,23.625,0.013285862135521742,0.5196721139481497,1.0676371058500742,-0.15377815107444137,-0.017046700332200126,0.05101882186266271,499.1884313963986,477.72389302507844
38,SPLConqueror.csv,0.24397244781378863,17.464285714285715,0.08880933983494455,-1.3659541128526231,171.80450701887912,0.09084611054937719,-0.005168613591724713,0.036467644725984294,2894467.7706620777,708.3607716580609
38,DT.csv,-0.14300650733928616,6.068965517241379,0.22737592143227003,-0.022905714912694497,0.003901164072893537,0.3212984234053342,-0.004394008191039411,-0.029089034836134786,4.302164573247317,590.6084337349398
38,DECART.csv,-0.11126000587580015,4.571428571428571,0.25014037827441693,0.08698114603788726,0.07931069109941447,0.9721037373104673,-0.00944862597153251,-0.0387386549379618,3.43322310350381,482.0377653471027
38,DaL.csv,-0.21961186455168794,23.03448275862069,0.05422815796460617,0.23431106956548003,2.5535438385673,-0.14694099257706705,-0.01927158405463736,0.03973378374519587,3.1767181296515177,452.1731477634676
38,LR.csv,0.057181132234437326,14.703703703703704,0.15343981942526363,10.70935392754002,1329.6444956017735,-0.16985689860052067,-0.0021638483467461,0.015928595699727266,100726824917.99304,640.0967276513462
38,GP.csv,-0.31567943231510043,17.814814814814813,0.3692512131483039,-0.8940539341817395,4.611303767674059,-0.29709069204458616,-0.008358030645018721,-0.04537235243880422,7.4695804238103465,672.3466904655659
38,RF.csv,0.13817966459248326,5.482758620689655,0.06277268088386945,0.26726244608102684,0.6269267014537638,-0.4631564311490489,-0.012722728578853482,0.03857742876987602,3.35733625921239,491.0761251904169
38,HINNPerf.csv,0.19259077865498359,5.586206896551724,0.03423092766409369,0.3700660691058159,0.32404034327679787,-0.1467876885846635,-0.02112079495020114,0.04984499827119204,2.731115988085899,385.63608918432345
38,kNN.csv,0.15394258238669117,4.0344827586206895,0.09231152591918301,0.27878493052951653,0.7607026288128022,-0.27773344871282624,-0.011105639863511652,0.021145818976518682,3.350833944952672,489.44773577066894
38,SVR.csv,-0.020009019466667333,7.785714285714286,-0.05532433773246792,0.4028001071358031,0.8288985121288768,-0.26719205962908865,-0.011822351027526823,0.07964193212060777,3.1486213569903714,454.1366752725186
38,DeepPerf.csv,-0.2766412096175379,22.321428571428573,0.023232747752328475,0.2900664996075211,1.4814389561075183,0.36917794751882327,-0.012003486736293367,0.05402284308978922,497.7700776558701,450.53050774526673
None1,SPLConqueror.csv,0.2539278820519925,19.20689655172414,0.047422879820719854,-3.6904506788615588,154.82158197050035,-0.1424046014614042,-0.010676362152944097,0.044760124687846514,7339050550.208164,918.9761094042879
None1,DT.csv,-0.18795329838473024,7.571428571428571,0.21805493961217248,-0.044797802300688305,0.014462513475083205,0.8820124273159158,-0.004338902158680713,-0.03044693995966752,4.292728276505405,736.7828079768415
None1,DECART.csv,-0.14269850444999943,6.137931034482759,0.24793085998952902,0.09689755179235171,0.1384500481918467,1.6449093327167554,-0.011698940608829922,-0.042931777802813764,3.5112259927454885,621.8328212863655
None1,DaL.csv,-0.17577793002334038,20.275862068965516,0.06425942777382598,0.41435727964135277,1.374243508643932,-0.14838687603344813,-0.024534370627201985,0.03208033026217727,3.2151075276876697,583.780636860727
None1,LR.csv,-0.009642219887805892,18.666666666666668,0.13116689823715766,-0.8341419000206394,2008.939730141925,-0.01379472900008838,-0.004997362661832927,0.01747417602456669,82697743439.13106,805.5481576784249
None1,GP.csv,-0.2382954673405279,17.714285714285715,0.3915489431962369,-0.6948532473732678,4.054645742600113,-0.07574161455778383,-0.009043493062618868,-0.05541430334767994,7.740569241788868,835.8375913247254
None1,RF.csv,0.032741707274224374,7.068965517241379,0.06372704681088193,0.3222017503042464,0.6576702439823056,-0.4151327781652152,-0.012252763918142784,0.035059244444825555,3.3248913475611057,615.4294650680449
None1,HINNPerf.csv,0.10275122076943183,7.413793103448276,0.007449942519669517,0.42760285861248487,0.4621153800927157,-0.23667538553301137,-0.021303546546899255,0.05399040066431049,2.855724020368775,510.7683255509588
None1,kNN.csv,0.09314313895484261,4.551724137931035,0.08149526144914021,0.3361559032891703,0.8506744975376828,-0.25372570294384633,-0.010255510015220293,0.02029535884521272,3.2871993030045954,602.6660529497232
None1,SVR.csv,-0.02819147242804887,9.758620689655173,-0.059352777059749395,0.4463171299051501,0.8906574821960486,-0.15013793535960285,-0.008695731196020184,0.07590769759204408,3.1820747321648555,579.8145983296548
None1,DeepPerf.csv,-0.2551409865238713,22.807692307692307,0.04032915944187632,0.49408018329269426,1.1728860546583642,-0.19135801716267653,-0.014513810828134521,0.04323747311897197,499.62252759028354,589.2089714724002
