System,Model,FDC,FBD,PLO,Ske,Kur,CL,h_max,NBC,MAPE,RD
Apache,DaL,0.18803009021192346,4.0,4.915035562313985e-05,8.773394743480378e-05,0.03828125,-2.616707010389598,0.8271844118648856,0.12934157309613215,0.7869973577048571,124.540625
Apache,DECART,0.20390176365762314,3.0,0.0008810955263491849,0.0011454253984031493,0.15859374999999998,-1.754921803125481,0.8681677747069787,0.0508028164830696,0.8492327940629243,129.9890625
Apache,DeepPerf,0.1665948208994958,4.0,5.3201287945503495e-05,0.00010240558024944557,0.04609375,-1.8456104865882503,0.8368241134758827,0.1407963472688909,41.186298328189466,123.41953125
Apache,DT,0.106604082055028,4.0,0.0019509776041828353,0.002493074205179205,0.109375,-1.0061126786934986,0.8640364501087479,0.08607001599716996,0.9712587838657603,135.646875
Apache,GP,0.3918795160834372,7.0,0.020620281382712102,0.022218710760266755,0.0640625,-0.6185912741648427,0.8497244094422047,0.1323008051779973,2.0901442497990326,138.69296875
Apache,HINNPerf,0.285262339447072,5.0,4.112873141659534e-05,3.7711633956702406e-05,0.01796875,-2.172868389987835,0.8480947513887833,0.14923489014630464,0.8208047488967529,121.571875
Apache,kNN,0.06749854063894206,4.0,0.041400943238391275,0.1986034115439026,0.0875,-1.1798348397121416,0.8441469098408355,0.1198327575468156,10.80063223673411,133.21484375
Apache,LR,0.31494105507286246,4.5,5.313450771915473e-05,3.964862504385325e-05,0.015625,-2.217350761638299,0.8649853698095016,0.14918971510140375,0.8130866998336392,122.06640625
Apache,RF,0.1174892981480814,4.0,0.0006832938970720015,0.000892886803145948,0.0609375,-0.9348147128470472,0.8509782247019357,0.1326811565251961,0.8256108298026534,130.90234375
Apache,SPLConqueror,0.2130156115685643,4.0,0.00013234898082703506,0.0001340550747628566,0.01796875,-1.6390408726058099,0.863739629981007,0.1492449538556136,0.8900254421428506,122.7796875
Apache,SVR,0.14507399926684345,5.0,0.02112055569713267,0.15215933922781044,0.01640625,-1.933217373686541,0.8203873577485384,0.1486801967173148,64.02933871899114,135.528125
7z,DaL,0.0870000502092696,3.0,0.010959923871697974,0.10054140253559574,0.001760455104551,-3.496430983170586,0.7742902399486313,0.8856432083857078,5.408502357328064,1945.1535209102092
7z,DECART,0.0448997898445898,1.0,0.0031260245117714636,0.027349117264766853,0.02285516605166045,-5.565046755821314,0.809819793965777,0.4839746428094366,0.46665887871287315,602.6640682656827
7z,DeepPerf,0.16878786727260425,4.0,0.0083329555564573,0.11142345649755647,0.0017373923739237,-3.515644945195099,0.7784934415250585,0.8820254464684842,99.97602853896838,2071.7589867773677
7z,DT,0.061178384971005154,1.5,0.0030930998571230273,0.0267177810257051,0.017450799507995052,-4.779286619753881,0.8355710139078051,0.5297086584377462,0.47447270178347406,613.6455181426815
7z,GP,0.4768218748791666,6.0,3.8178929799417616,252.75764331160525,0.008494772447724449,-0.6067710087806009,0.7558788646479604,0.8378034245912631,1115.3832071510485,12343.364629458794
7z,HINNPerf,0.1844298607294812,3.0,0.00869700986813915,0.10321288238076409,0.0010224477244772001,-3.6044824438073686,0.8015940858413242,0.891338784144024,8.019253994953022,2226.9689268142683
7z,kNN,0.1145991053394131,3.0,0.5519980545224408,2.6116042878358128,0.02192496924969245,-2.8194265446094517,0.7513607722325859,0.7436969486086864,42.66662335050235,5985.5807349323495
7z,LR,0.06161931349833655,5.0,2.7081722942080235,8.95607020981019,0.000830258302583,-4.133094645035127,0.8578042727132611,0.8922699206158873,150.95366738706073,9413.22856703567
7z,RF,0.07144776407577194,3.0,0.0026440982679956093,0.021269647792769852,0.00219095940959405,-3.392572183600287,0.7979778971580189,0.8789528931558154,0.4877708601311475,561.4571878843789
7z,SPLConqueror,0.06021423210850715,5.0,2.7085464755259885,8.959402447384301,0.0005688806888068,-3.6641480160281454,0.8572575148461444,0.8990699767867811,150.5883903679507,9427.633963714638
7z,SVR,0.1328515814181176,7.0,2.0805001653908595,8.860819435950123,0.0010147601476014,-3.4981157827805545,0.808208407170468,0.8879384288798472,61.91440949581263,7107.55184501845
batik,DaL,0.12347840498683571,4.0,0.8764652402548156,5.77397104914735,0.9056603773584906,-0.4209766686563683,0.8880384254635425,1.6050671666231917e-05,29.01950514155171,18.81132075471698
batik,DECART,0.21109970449119336,4.0,1.5527966623383427,7.7843914913967005,0.9528301886792453,-0.7935501365462521,0.8763149536096033,9.336323700924826e-06,20.846335862572417,17.99056603773585
batik,DeepPerf,0.3122851269370517,4.5,1.3960688822773117,7.174592761683691,0.9056603773584906,-0.718376910381799,0.8704621771385177,1.6520476135750447e-05,3442.2911565296586,18.405660377358494
batik,DT,0.1778549951767701,3.5,0.70693838372863,4.534573954471039,0.9433962264150944,-0.785533648431145,0.8869560855341667,1.2812024630052357e-05,27.038380830837326,18.245283018867923
batik,GP,0.2071784434636355,5.0,2.0095757133450336,7.209973284057891,0.8962264150943396,-0.5773881805594323,0.8890791969085224,1.6043819940388862e-05,35.13689834470584,17.962264150943394
batik,HINNPerf,0.18766948579737291,4.0,2.7889131584567766,9.35770271733379,0.9056603773584906,-0.755157865192065,0.8746039833714243,1.610987094781862e-05,17.074204159262006,18.58490566037736
batik,kNN,0.1948567287320298,5.0,1.7945566648619204,8.384367405155722,0.9245283018867924,-0.591655053198628,0.8919142493983174,1.606603832113191e-05,19.14643026667207,18.12264150943396
batik,LR,0.17266967970675626,4.0,2.8145300137879037,9.422314536202308,0.9056603773584906,-0.8426913454505173,0.8730789554784026,1.5862507865694704e-05,17.658198651685442,18.85849056603774
batik,RF,0.24134583761076212,5.0,1.3834856149612282,7.082400639360118,0.8962264150943396,-0.7061540849082655,0.8848241768131211,1.606591806997152e-05,21.38000773705741,18.78301886792453
batik,SPLConqueror,0.19978860125315684,4.0,2.815170631926625,9.408042063815822,0.9056603773584906,-0.9269819180238483,0.8686559842157083,1.5784857176125154e-05,17.153175589613998,18.60377358490566
batik,SVR,0.21470605948351537,5.0,2.6661700877299745,9.406435732288141,0.8962264150943396,-0.7487109312397152,0.8789098091962466,1.6109737398375693e-05,12.91416317465603,19.38679245283019
dconvert,DaL,0.34936813843828624,5.0,0.013697882547582085,0.05195561567367424,0.011149456586081949,-1.9287257371371735,0.7852184764432742,0.9513040909354729,2.6039139770842983,59.49138564598152
dconvert,DECART,0.0990141370431405,1.5,0.02070102635249571,0.06616047994637064,0.1204442778754339,-2.589520929561512,0.801282585365821,0.5418420153649295,2.996594250077533,65.21708636739935
dconvert,DeepPerf,0.2722685235666099,2.0,0.014907104292717577,0.03613960768137803,0.05815385793609485,-2.179360535906013,0.7936322209809035,0.8860721363869133,1165.7568274396422,59.819042208421024
dconvert,DT,0.03892487010897788,2.0,0.01811127333903062,0.0597657686088886,0.08857735718200829,-2.1886266350896393,0.8522682114908373,0.7863772232303128,3.46359088193642,70.17209457601822
dconvert,GP,0.141274141985433,4.0,0.14990337859985725,0.3293848573236025,0.0344372045031723,-1.683385510006587,0.8018281491155123,0.9380684522091218,5.5160109737419685,89.50110856555759
dconvert,HINNPerf,0.19137425285366524,5.0,0.016940700298176514,0.04878144442281229,0.01271187867158165,-1.9644086515112889,0.8043729372328614,0.9511288129919013,2.59022720280612,59.56215584619615
dconvert,kNN,0.4292285818759569,4.0,0.5248189129949481,1.0248571914520643,0.09201782785905355,-0.780638662011216,0.8194165183389308,0.909775844764048,15.351231409971327,236.56361758145317
dconvert,LR,0.04155770329689046,4.0,1.3563869823379981,2.00029375799137,0.008737762755686,-2.3391294981603563,0.8514271535117051,0.9536056802417171,14.135112744786756,122.58663059732444
dconvert,RF,0.1230236424870563,3.0,0.01678940497874659,0.05734853737149104,0.0222693531283138,-1.9658747198020232,0.8100758145885087,0.945320467758358,2.866469513400718,63.73788123883665
dconvert,SPLConqueror,0.03394379666006203,3.0,1.346904525691111,1.9928688865263648,0.0063626723223753,-2.2698469539121735,0.8567943517365357,0.9550924746052025,13.923237940771452,124.69936373276778
dconvert,SVR,0.028075606145595622,4.0,1.1002179179559548,2.2143981562843855,0.010050251959294751,-2.2837118877512577,0.8269784165376337,0.9493223729855973,10.16438217612725,140.1286106875623
deeparch,DaL,0.11974567964076879,3.0,0.032167212607777884,0.115410337771094,0.14442636289666388,-3.2678466394662093,0.8251123036674385,0.9469992034742144,12.350207569486262,31.090317331163547
deeparch,DECART,0.08529114608316365,1.0,0.03249620825260602,0.12266319213011048,0.2571196094385679,-3.1198718052639913,0.8350554294164991,0.9072354424582976,13.091738848593803,38.3393002441009
deeparch,DeepPerf,0.12598362338160696,4.0,0.02594721855640758,0.12018559577962629,0.14117168429617571,-3.150981248824023,0.8233516583565095,0.9492350904084488,46.237230328744204,31.925549227013832
deeparch,DT,0.0373542011670594,1.0,0.03148885347909297,0.09289958165044923,0.1989422294548413,-2.782105062742221,0.8356262457024808,0.9248046500890947,14.224095445148247,43.254678600488205
deeparch,GP,0.05296161128362886,4.0,0.04425518462079969,0.15870948079412006,0.16558177379983718,-2.445425925192085,0.8270700557064615,0.9367967269704557,43.973432002289286,93.59153783563872
deeparch,HINNPerf,0.05188721436796087,3.0,0.03319300133705755,0.10745767561073019,0.1448331977217249,-3.311773671209872,0.8246405553430758,0.9482654525878194,17.8242536597527,32.23352318958503
deeparch,kNN,0.04923390022034624,3.0,0.15314782623940465,0.2597425070238888,0.22986167615947922,-2.242749698485227,0.8486843142806161,0.9163729366194928,50.61206548857205,85.34499593165174
deeparch,LR,0.09878880165326401,3.5,0.9420661608284011,1.1666310799731476,0.14198535394629774,-3.6737680116104063,0.8376437628465054,0.9490972213671462,81.77257013086435,72.70870626525631
deeparch,RF,0.06637245313020797,2.0,0.019765795425032984,0.08868247114265043,0.1558177379983726,-2.9593386657727225,0.8120010206905368,0.9438443330070698,14.209216501503235,40.26688364524003
deeparch,SPLConqueror,0.09327074167630353,4.0,0.9421030458436026,1.1705322288686035,0.1440195280716029,-3.7247079043628446,0.8381997634469913,0.9479514681998955,81.20482260275001,72.70951993490642
deeparch,SVR,0.14054033042728617,3.0,0.35092276524651006,0.7710746982870977,0.1480878763222131,-3.3065137633763917,0.8335019514481792,0.9465866956362994,56.81207911569686,36.44914564686737
exastencils,DaL,0.0794397628841404,5.0,0.058004169661861615,0.3349693479109561,0.0005140036099788,-2.032481177077449,0.7961717445881649,0.9434906213762824,4.075457165416467,3933.065864183511
exastencils,DECART,0.0511247001732269,0.0,0.02621275460111283,0.1043769227848963,0.0159819261986444,-5.193000264364755,0.7532410250213847,0.2967629189309385,3.648227260574518,3746.8462770598994
exastencils,DeepPerf,0.11720391396670629,5.0,0.01809560962991863,0.09985033547321631,0.0003705607420777,-1.955284982398024,0.7951618159441036,0.9425929290465349,99.46638127064651,3659.540773635201
exastencils,DT,0.022064114924895795,1.0,0.021408243034708452,0.12550449801523067,0.01149335979057335,-4.342307369761079,0.8244184930269731,0.5151208179927014,3.735353281318345,3846.9510441445427
exastencils,GP,0.15831001989615873,7.0,1.923681984683674,77.97363306742844,0.00288678771650905,-0.6590088444624818,0.761274808294259,0.8992398972302762,333.060997574682,25210.273688991954
exastencils,HINNPerf,0.0528179801753548,4.0,0.015789527569745165,0.09233768753491556,0.000274932163477,-2.01394924187511,0.7965854439860489,0.9449634062387195,3.376895935304523,3459.7658235413655
exastencils,kNN,0.5436284040897026,5.0,0.8163028176950712,2.333652017351395,0.0102442114826015,-1.8740607041138786,0.8336209587128114,0.8644571860625812,18.03998051248051,17817.49939036781
exastencils,LR,0.25841941567657406,7.0,2.1438483593162374,2.430987204696906,0.0002271178741766,-3.0828475071811705,0.8333880342302137,0.9581475965811297,17.433105965278294,17240.263946830513
exastencils,RF,0.03030480486232856,3.0,0.015361824052743112,0.09062495900784917,0.0004422821760283,-1.9131116079894142,0.804152519662924,0.9432475457633984,3.023724884850395,3115.3928661080363
exastencils,SPLConqueror,0.2751323059020461,7.0,2.128925200147487,2.4098689462764185,0.0002271178741766,-3.1603916181213965,0.8334582938721579,0.9582873632435852,17.326787072340828,17235.192870889467
exastencils,SVR,0.10645320596692182,6.0,1.563127249012002,2.9977744301126648,0.000143442867901,-3.020858879679109,0.807131643761077,0.9612299832891192,14.776374333425723,16600.170708966376
Hadoop,DaL,0.2102993790830902,7.5,0.8608333025896415,2.0183528923570226,0.9996245525571446,-0.66854395150432,0.8420909061493775,0.6768112994886228,2.839176576729912,840.5143521501591
Hadoop,DECART,0.20198579361296803,7.0,0.1650843238620484,0.1858909730300995,1.0,-2.9761857364749282,0.8580088940315983,0.5572100485908252,3.4008026054207283,826.5649313759252
Hadoop,DeepPerf,0.21989712123915361,7.0,0.3590383038683979,0.4371159366062195,0.9996234939759036,-0.8750456193659483,0.8630761977093527,0.6977045250680827,92.79970606188235,827.2061158558995
Hadoop,DT,0.20504252893536662,7.0,0.15360329774569556,0.1512965300766944,1.0,-2.6130278816104533,0.8599298559224213,0.6168885725808044,3.4995274199760003,819.930439800137
Hadoop,GP,0.2997567265993136,7.0,0.28156142023070785,0.2731941864999441,0.9996232101951882,-1.032688398601962,0.866065851287785,0.710789364000538,2.7997356570952205,831.8896839302877
Hadoop,HINNPerf,0.19860810798213366,7.0,0.2426488033919407,0.2807410084319948,0.9996232101951882,-0.8776698387787634,0.8638242082114406,0.7067079323304768,2.81613855000948,834.5471444033469
Hadoop,kNN,0.130321859349108,7.0,0.11394818614374551,0.6438310252750212,0.9996234939759036,-0.6245024500012349,0.8602620022289684,0.680530918803386,2.9457714300530737,849.4727638307068
Hadoop,LR,0.2194805855965195,7.0,0.24515930210529335,0.39019066373896893,0.9996232101951882,-0.8882302788744452,0.8627152182247281,0.7090648635940842,2.8104610464783484,833.9813498509925
Hadoop,RF,0.08592807521981344,7.0,0.31003811247134655,1.48430675991383,0.9996234939759036,-0.7942622706279245,0.858719503959205,0.6898895724763177,2.762040987868158,797.7395282303644
Hadoop,SPLConqueror,0.18638160994178832,7.0,0.303402661430967,0.5786501978211231,0.9996232101951882,-0.6031004724258319,0.8662001087812058,0.7079117620025632,3.3176642388344404,894.2350633200474
Hadoop,SVR,0.31636464744689874,7.0,0.3203942081314012,0.3034810923880449,0.9996232101951882,-0.8441887716742534,0.8566615199264074,0.708513264933095,2.8472253885675074,826.3623958272858
MariaDB,DaL,0.0724329043300206,4.0,0.03543505988702578,0.11012260178910038,0.0451030927835051,-2.97377114436637,0.8289577367088246,0.0113691722868595,4.262880080638094,68.74355670103093
MariaDB,DECART,0.12813333876330368,2.0,0.03220784818369532,0.11818630512730355,0.16688144329896898,-4.136538840800579,0.8703245441379368,0.031740382695833,4.1209428397494925,68.43556701030928
MariaDB,DeepPerf,0.09506794136893079,5.0,0.02883002206933233,0.08151257320904337,0.0302835051546391,-3.25448545182432,0.8139136978642159,0.01043576392483565,52.77330527269282,62.30412371134021
MariaDB,DT,0.12966761004194743,2.0,0.043677717430257,0.1041193672173446,0.1069587628865979,-3.336389874510661,0.8628252925873185,0.0055752328289326,4.768251324046419,71.64368556701031
MariaDB,GP,0.23407473766104844,4.0,0.1506804779267346,0.16209059574823792,0.0264175257731958,-1.9926559197575386,0.8271810817886249,0.01137997495161255,13.208034166850588,100.79574742268042
MariaDB,HINNPerf,0.07688685215388136,5.0,0.044440975939100735,0.11644906465964411,0.0206185567010309,-2.9016253330669017,0.814770962001992,0.01139203764076415,3.7182077514359926,61.62177835051547
MariaDB,kNN,0.0831161023579791,5.0,0.1900344551484184,0.3870116152737223,0.086340206185567,-2.386742185053536,0.8112486682321243,0.0101921281792144,10.396244416693463,106.40528350515464
MariaDB,LR,0.08146007182370579,2.0,0.6111297354417613,0.31713381143981223,0.0154639175257731,-4.8659980857265825,0.8586110891080325,0.0106862020415272,21.575661240335414,125.56958762886599
MariaDB,RF,0.15185325452948906,4.0,0.029028784968725685,0.08231876352306222,0.0296391752577319,-2.8768069913482686,0.8420333258147104,0.01139985173948245,3.7753784356957443,64.02963917525773
MariaDB,SPLConqueror,0.0576421320790744,3.0,0.6475086727954813,0.31060089305810595,0.0128865979381443,-4.603149405143777,0.8596669313395475,0.011404194099034249,21.33463178491629,125.05670103092783
MariaDB,SVR,0.1659088988466225,4.0,0.41862456728637687,0.6592447771532686,0.0167525773195876,-4.246402181877549,0.8347052647768685,0.0114074643072851,19.480466040787825,131.29961340206188
MongoDB,DaL,0.03371029846988027,3.0,0.008254499659211,0.016203382231762986,0.01371742112482845,-2.7978027074347214,0.7868249460722507,0.6940180497672449,0.8409831330673225,340.06747256515774
MongoDB,DECART,0.02817152215526894,0.0,0.009642915922759853,0.0052037524902243115,0.1466049382716049,-4.170172528934048,0.8275874021054808,0.3226922226255174,0.9836761984561935,379.0997942386831
MongoDB,DeepPerf,0.03175737195551043,2.0,0.009226307362604599,0.012976381403746906,0.02374828532235935,-2.9185785468766943,0.8039128265878686,0.6233637212613442,99.97069564379163,340.1203703703703
MongoDB,DT,0.030643618976442466,1.5,0.0097503471794771,0.006332224977325329,0.0916495198902606,-3.1622865021812014,0.8438917257588092,0.4527596226488186,1.1768686761240748,403.3622256515775
MongoDB,GP,0.06001229074769951,9.0,4.2674692950858075,68.50722903583589,0.0256344307270233,-0.9602442434246143,0.7582488221408434,0.6810859386181201,11.873051253956039,882.0817901234568
MongoDB,HINNPerf,0.03464384123015132,3.0,0.00788721832689485,0.014228912185865306,0.0128600823045267,-2.7996923645556455,0.7898950790553517,0.7055530751176866,0.8366937744812049,339.92678326474623
MongoDB,kNN,0.17724801088472472,3.0,0.0306661342123322,0.1965888119952336,0.0967935528120713,-1.9856705948299727,0.838452928984009,0.5444418039206029,3.163831928290006,513.17609739369
MongoDB,LR,0.043534734488473475,4.0,0.0036221206522025,0.015912591762026862,0.0151748971193415,-2.8401031614266325,0.8190815273491483,0.648394289902239,0.846368759573702,351.4653635116598
MongoDB,RF,0.03634714557654156,2.5,0.0082904918271938,0.009374745552282793,0.024176954732510247,-2.772985492702736,0.837542152680994,0.6773610169955724,0.8720341085580761,350.5067729766804
MongoDB,SPLConqueror,0.04489279309810082,4.0,0.005059748330492601,0.009077793356412012,0.0114883401920438,-2.7404393284071156,0.7785884652252539,0.6685291166297462,0.854615394800937,356.21879286694104
MongoDB,SVR,0.11840091728939298,6.0,0.03902216114083411,0.046435654424610506,0.0126886145404663,-3.8391204504587426,0.7843361673853969,0.7064555794019567,1.29285624945221,399.91769547325106
PostgreSQL,DaL,0.10747665100894094,4.0,2.3116647522369,8.794942005344218,0.0028935185185185,-1.2591440759939805,0.7629304679700928,0.14500702352677441,22.355101250742123,140.0011574074074
PostgreSQL,DECART,0.22978892528470285,2.0,1.653540637714916,4.803179123533505,0.08391203703703701,-1.895490342481068,0.8454937435047902,0.0171580842250756,19.62987800851846,136.55034722222223
PostgreSQL,DeepPerf,0.1105380655065013,4.0,2.335401212374242,9.411166844231957,0.0127314814814814,-1.2708815659168102,0.7891231866220627,0.15295501156273994,99.92400953140503,145.9693287037037
PostgreSQL,DT,0.08897943875929382,3.0,2.2871116909369493,7.384532791918425,0.0497685185185185,-1.4717611281319738,0.8238220175562889,0.0076037565448582,19.447248460170695,139.3275462962963
PostgreSQL,GP,0.11518221910264669,4.0,0.46885376125096623,0.18542608458841003,0.0011574074074074,-3.9502348501272513,0.8519757800038258,0.1564083997103548,21.80747764616997,144.26909722222223
PostgreSQL,HINNPerf,0.06900116332036535,4.0,1.5421726625498207,4.489346864373218,0.0040509259259259,-1.4564086237272238,0.7892286370180868,0.15548024091504248,20.467783925212302,144.38715277777777
PostgreSQL,kNN,0.1985923933286018,5.0,0.7776832877489689,1.9296522139314913,0.03125,-1.573147397039281,0.7941531410136298,0.1463525964275606,19.557460954628084,152.8101851851852
PostgreSQL,LR,0.1652330169973556,5.0,0.4702922194758526,0.19929274924738682,0.0011574074074074,-3.8581186477561267,0.8535560262514557,0.1564083997103548,22.648088675382493,131.93634259259258
PostgreSQL,RF,0.11447347861270525,4.0,0.87373251880516,2.4587397327776825,0.0063657407407407,-2.228274211346786,0.754739826435207,0.15199135764511146,20.39157521249299,143.46122685185185
PostgreSQL,SPLConqueror,0.19056335159745202,3.0,0.46923248417243235,0.2340186267202531,0.0011574074074074,-3.983546116827621,0.8508138999601068,0.1564083997103548,22.648704055617284,136.78819444444446
PostgreSQL,SVR,0.06930751583646069,4.0,0.2983945655985397,0.12938226764083316,0.0034722222222222,-3.5422243903605635,0.8429247348583134,0.15618148847585045,9.56686017691558,127.86400462962962
redis,DaL,0.13150109940845506,7.0,0.5619120750658602,1.6908125985241875,0.9967919232245939,-0.7546702960645053,0.842149461441515,0.719147072732234,3.949526046882278,680.5293871925586
redis,DECART,0.12185475683549746,8.0,0.09075370232120905,0.5341112726481241,0.9986270022883296,-1.0656887604450695,0.8628163823916053,0.662242691195249,4.657539087853549,610.6606233009095
redis,DeepPerf,0.2427502441409684,7.0,0.1428642919779018,1.5518979348348632,0.998620055197792,-1.0475454350618425,0.8633038744662058,0.7014655673464605,99.8856065897715,682.6941769830353
redis,DT,0.05432256549947475,7.0,0.0949598239649877,0.3365527954335281,0.9977116628115779,-1.0660824862171143,0.8610174939223425,0.6802819723463918,4.66895221652349,586.7586297139237
redis,GP,0.099667847504995,7.5,1.2474582382220563,28.86628990460054,0.9963082571229918,-0.4385709998613805,0.8216464217815616,0.7122505745638883,86.13363036757983,694.7646960071816
redis,HINNPerf,0.2803332508586299,7.5,0.09524798841707235,1.3220442191912587,0.9954400213090112,-0.6398202014618956,0.8648535676408301,0.7327809352112108,3.928494521139933,695.6776905279617
redis,kNN,0.08791295726751919,7.0,0.17808532223642665,0.47314509046036823,0.9977048426608274,-0.5793690220963679,0.8591782698847212,0.7022891140661418,4.17148214894703,652.147410448807
redis,LR,0.28091438848561284,8.0,0.110466286310099,1.4747995218053431,0.9954306600310845,-0.7553085209145196,0.8657491418402564,0.7314266696494426,3.934462738957941,692.1308539944903
redis,RF,0.049377485135181795,8.0,0.3727316227210449,3.7944864182614726,0.9963073844640851,-0.42939052515762915,0.8458610833663449,0.7192649309427053,3.5048534122090134,582.2906264676205
redis,SPLConqueror,0.08307748808482635,8.0,0.046046042483880056,1.0514842140269982,0.9960963356132226,-0.31359748582875624,0.8639814331327336,0.7301697319037799,3.95733973993365,701.1317722681359
redis,SVR,0.159590455846005,7.0,0.176208410645717,1.2458939782643472,0.9954389773656781,-0.5740194476314433,0.8614184626905805,0.73566561221768,3.9245471524709017,683.3140514719189
spark,DaL,0.19770178709228284,10.0,0.03880138848537326,0.0721258806127496,0.9950177910704228,-0.930839867627727,0.8407718669287734,0.602702077385641,5.580479798244311,147.94745720622362
spark,DECART,0.18217604953131045,8.0,0.018789165842648392,0.01899447859736314,0.9992885093372076,-2.3222271252678475,0.8398828497648934,0.3274411725582837,5.245128886438591,137.22561646601554
spark,DeepPerf,0.22768913865732193,9.5,0.030649127620984734,0.07641100956782276,0.9939583537645095,-1.0173024257720589,0.8533995931999874,0.6020308612642845,96.98289153530482,150.55987664084307
spark,DT,0.1428181079627877,8.0,0.020857741176419614,0.029863011525685823,0.9985760055155073,-1.257494415648376,0.8470885596646092,0.41740202696489276,5.379575045594657,134.2331877992185
spark,GP,0.14859045539165244,10.0,0.18475020060620595,1.040464132679169,0.99288256227758,-0.6354308755570282,0.8420323045396921,0.5520778182390418,12.987851667924039,188.71280017001135
spark,HINNPerf,0.37224251225626376,9.0,0.028752778932502457,0.05947186494231704,0.9928926794598436,-0.7558807677448259,0.8552995163573316,0.6104689334116401,5.301938667101726,144.37045386729528
spark,kNN,0.0751939797716503,9.0,0.3623785930743533,0.4624387870092934,0.9943181818181818,-0.791784128144514,0.849661072129558,0.5172494805114659,19.62035299620987,262.9821556031406
spark,LR,0.7060967518826243,9.0,0.6769027979479588,0.5052995708045436,0.9929278606778551,-0.8956370434985788,0.8544417239620579,0.6044320277871864,11.60567187023507,156.3303843745734
spark,RF,0.11644286864897291,9.0,0.028483706520875646,0.048936240795086405,0.993573716298273,-0.48828635868737097,0.8501953432724645,0.5802387035802994,4.289159285545168,132.4974151090192
spark,SPLConqueror,0.7356953675313493,9.0,0.6747505077372157,0.42682540725548,0.993259808551462,-0.835294172577371,0.855605437791686,0.6014283210917033,11.784541086764019,157.72351357338832
spark,SVR,0.09991488436086116,9.0,0.6786971323570781,0.586192486569117,0.9929102932188123,-0.4106763232375761,0.8455228558474399,0.5810908188331494,25.37436607235624,211.1096868642437
storm,DaL,0.0615563605483496,3.0,0.04230861339382552,0.16308795964755074,0.06125498007968121,-2.245946582827612,0.7309191742062282,0.00144235006267165,510.76194698679035,35.10657370517929
storm,DECART,0.0832686500967868,2.0,0.03097614342492172,0.11589086352739164,0.15039840637450194,-2.45595300762416,0.8604246747234565,0.00014923958067655,275.1106653456988,29.7246015936255
storm,DeepPerf,0.0543504066559206,3.0,0.03825679228916623,0.11832547733099164,0.06075697211155375,-2.0989237514722605,0.7163771746099634,0.001442325838856,113550.90802351158,45.85209163346613
storm,DT,0.0961172028819737,2.0,0.024430449715808766,0.10190910757832305,0.1155378486055776,-2.445665654399429,0.8254309638482726,0.00048800915586425,297.1155614029561,30.729083665338646
storm,GP,0.1008684245278426,4.0,0.08459458484423177,0.25936346604698324,0.0637450199203187,-2.193172897742474,0.8022818254298956,0.0014422472929143501,10752.28220878348,83.66982071713147
storm,HINNPerf,0.07684167927112234,3.0,0.0341791617182482,0.12980315938907205,0.0587649402390438,-2.3422791883947793,0.7840546581853245,0.00144212018775645,1038.4858203913884,47.2445219123506
storm,kNN,0.0404725290710612,4.0,0.7148359906612403,2.0703092951362647,0.11005976095617526,-2.1410941644514674,0.7474574778919902,0.001440860152639,16795.66882020633,100.73655378486056
storm,LR,0.07877403434121805,2.0,1.7111863646474936,2.292468169130295,0.032370517928286796,-4.231027448227884,0.8613013301942678,0.0014373277375988999,84297.00886969749,124.18874501992032
storm,RF,0.08326722745138179,3.0,0.033787197940660096,0.11348490139477452,0.0617529880478087,-2.34260143845907,0.7492688093059208,0.0014421181626758,333.16490793742616,29.803286852589643
storm,SPLConqueror,0.0963068176804408,3.0,1.6898988717225667,2.3760394789566464,0.032370517928286796,-4.066816290111895,0.8574549468660465,0.0014424054638522,80119.5660962634,130.6847609561753
storm,SVR,0.11723636779836805,2.0,1.240552209281963,2.7234018049451953,0.0358565737051792,-4.334956633888247,0.8286816782798114,0.0014424041540311498,21957.66230192389,111.30826693227093
hsmgp,DaL,0.043495646090256884,2.0,0.09809922387048031,0.5745433282021235,0.1947926711668273,-1.650781037193891,0.7790955489602829,0.2183343137866727,1.020860973004973,5.537126325940212
hsmgp,DECART,0.08447243498443824,2.0,0.09843372884230894,0.6356086721480589,0.2328833172613307,-1.689928923504998,0.8025652801659509,0.1590219377589632,4.8345913225292545,29.033269045323046
hsmgp,DeepPerf,0.0440953080091353,2.0,0.10032196225735457,0.5882471510661276,0.1943105110896817,-1.5912853933414268,0.7800648940693521,0.21811762089933645,97.72323496912666,7.43731918997107
hsmgp,DT,0.06350379507295716,2.0,0.09932825919685762,0.6101976858047702,0.2179363548698167,-1.6063807797583107,0.8001631833631437,0.2048750725123126,4.4758371942130095,26.52989392478303
hsmgp,GP,0.0818838902443883,4.0,0.10401621856203414,0.6383543707455441,0.19286403085824488,-1.5453947334492661,0.7757000120158951,0.21072425243107828,0.9258206294133454,5.41321118611379
hsmgp,HINNPerf,0.05836774063335561,3.0,0.10155411356509925,0.5764416452610779,0.1947926711668273,-1.4902900669769794,0.7808525877933439,0.2181830854700143,2.8176892853528157,16.108486017357762
hsmgp,kNN,0.08924296051888689,3.0,0.12815574339623792,0.7485810517663194,0.2078109932497589,-1.4428172111086353,0.7956829085308059,0.21767238638629416,5.931936670846741,25.688524590163937
hsmgp,LR,0.07631335775506841,2.0,0.9819233844618077,4.482157614133457,0.1947926711668273,-1.5640328425712682,0.7959369804387668,0.21813787393611028,48.078043394415,60.54725168756027
hsmgp,RF,0.056938794075249904,2.0,0.09876302347321086,0.6050142442595154,0.19527483124397294,-1.5731493429457357,0.7931688985108583,0.21818589116826237,3.0456915463295493,17.491803278688526
hsmgp,SPLConqueror,0.0677811368954254,2.0,0.9775307365611483,4.479007425999699,0.1947926711668273,-1.5209180556767785,0.7951392095983194,0.21828506892677035,47.29282826908002,56.86113789778206
hsmgp,SVR,0.031483076252615746,4.0,0.6273426957904199,3.4383782018336047,0.1947926711668273,-1.4271846432738435,0.7720565673254216,0.21801182467479996,6.691320202875101,11.052073288331725
xgboost,DaL,0.925246576711664,5.0,0.030999991301644325,0.09393370136944348,0.0025947067981318,-3.152405291400389,0.8028841610964984,0.9987652379040023,12.780687776780686,63.88790866632071
xgboost,DECART,0.7461419686913242,0.5,0.0334273181024779,0.11644049937327464,0.07291126102750385,-5.703311700285363,0.7436184291829605,0.9541573272085524,16.99096600156397,97.066683964712
xgboost,DeepPerf,0.8186351762496256,5.0,0.022998552170110154,0.09725715358000309,0.0018162947586922002,-3.1368358301515484,0.8062869468879327,0.9993111011110617,84.5762212451649,73.21665801764401
xgboost,DT,0.8416492330679142,3.0,0.04383842067465027,0.14644635825559194,0.0384016606123508,-4.41374089385891,0.8305613300313924,0.9741569350038601,13.616574966104896,79.37285936689155
xgboost,GP,0.99104237496969,3.0,1.1795119112113284,1.3925238418427537,0.0005189413596263,-4.051386665738502,0.840713207284643,1.0,135.65385189895298,147.3129216398547
xgboost,HINNPerf,0.6850241103172838,5.0,0.033900563694222674,0.17732458041858168,0.0010378827192527,-3.2982160280008475,0.80526279314923,0.9997850936454352,18.038499927024432,73.57628437986509
xgboost,kNN,0.6599425900417448,4.0,0.40908877895617063,0.5798304558791849,0.030098598858328947,-1.9528013025844426,0.8335929708939473,0.9867344792981725,65.70317162545993,251.28697457187337
xgboost,LR,0.9238886015189025,4.0,1.1791199616507526,1.5027839656203197,0.0005189413596263,-3.917336435903408,0.838745508942836,1.0,63.608601927377805,95.71510119356512
xgboost,RF,0.703385198202714,5.0,0.03676746673549902,0.13526491820557432,0.0031136481577581,-3.0975559706683105,0.7963339773430482,0.9987618333189334,15.274988956817634,75.0845874416191
xgboost,SPLConqueror,0.9645330585101377,4.0,1.178615957479847,1.5221361216369689,0.0005189413596263,-4.015758450656068,0.8381243489215853,1.0,62.138002174860745,95.40477426050856
xgboost,SVR,0.9490143972877376,4.0,1.13341670689146,1.7250210949548233,0.0036325895173845,-3.7883744513227087,0.8320478900149617,0.9986297023426374,74.1378820916897,167.7952776336274
hipacc,DaL,0.113138899969363,3.0,0.0397665010524646,0.14591415024997145,0.2983193277310924,-3.14773242266225,0.7898818326609928,0.7791189370271216,1.9590727889887087,79.15966386554622
hipacc,DECART,0.052287001276728945,1.0,0.03939306407332577,0.1658794535914878,0.4078101828966881,-3.511219378291563,0.7908229568683791,0.6790149981587978,1.9010760804093796,72.62135442412259
hipacc,DeepPerf,0.1086174533069154,3.0,0.036108496538903356,0.14604719021686008,0.300914483440435,-3.2079673101145154,0.7890367390331552,0.7710365301741391,17.45279476846084,79.05017301038063
hipacc,DT,0.051672887650691,1.0,0.03140236790011863,0.15976480716225971,0.32995551161641123,-2.8078860379053907,0.790667797209885,0.7379744534826969,2.0672561011049853,78.33749382105783
hipacc,GP,0.031487468286616,4.0,0.05848700729097123,0.3312393292488154,0.29671280276816603,-0.5992828188162309,0.7914377394210258,0.7440778107999275,3.3557640478068755,126.51371725160652
hipacc,HINNPerf,0.033232084949732,5.0,0.03703861911779882,0.19682146965425895,0.29695996045477013,-3.263981251027994,0.7881123344484695,0.7772570645129493,2.2606155340731493,99.37098368759268
hipacc,kNN,0.08883061551715996,3.0,0.09835100257929097,0.38680728691168476,0.31611468116658425,-2.7527658830722803,0.7920152340005998,0.7780962719917882,3.8432687148286675,127.60652496292636
hipacc,LR,0.03933626391734305,7.0,1.4561053253385499,3.3765545880817394,0.29251112209589714,-3.6468401146410394,0.8601296867306338,0.7865005152551066,18.587385010497975,388.7543252595156
hipacc,RF,0.11701080980882345,1.0,0.04201689803787656,0.17534556696617543,0.3021502718734552,-3.1288635453033375,0.7910789474504081,0.7506427894177189,1.891693236431366,70.23455264458724
hipacc,SPLConqueror,0.04306862364460395,7.0,1.4568291766971457,3.373590003781323,0.291893227879387,-3.5653602865145713,0.8602350688495946,0.7867855556878762,18.598615332212297,387.6592931290163
hipacc,SVR,0.12045159517667345,3.0,0.7784186741098658,2.8145149958132025,0.2959713297083539,-3.445474930362244,0.8275679540596625,0.7978189321954381,7.840015077106452,234.54065743944636
SQL,DaL,0.15305122024958595,6.0,0.42696204504142393,0.7389806077248133,0.6720351390922401,-1.2191261684727093,0.843423496162834,0.9129191656615125,2.9726461706513785,228.12188872620794
SQL,DECART,0.18864268226257497,5.0,0.10409724718804092,0.25730278558739844,0.8184480234260615,-0.9635513389175763,0.854052514439085,0.8418757168882626,3.262513010625125,251.55307467057102
SQL,DeepPerf,0.16390001781573432,6.0,0.4574063590639635,0.6796712540917664,0.6745973645680821,-1.2081059199112945,0.8447114547141802,0.9174095073668251,496.1859061213729,230.77598828696924
SQL,DT,0.12545830576037634,5.0,0.043453557469890325,0.23759162759165012,0.8191800878477306,-0.8540849540788109,0.8581397067552106,0.8455232023591712,4.626425128992986,361.9410688140557
SQL,GP,0.29758701282245303,4.0,0.1721170916318219,0.9391284129545296,0.753294289897511,-1.8342184299570523,0.8504532917260117,0.8956762786381516,4.0781557912640505,348.27598828696927
SQL,HINNPerf,0.23216807914640125,4.0,0.2548586064642454,0.10483997325769678,0.7104685212298683,-1.2493370012542995,0.8344822165332286,0.9018809601003888,2.4485215743906688,186.1760614934114
SQL,kNN,0.17819189231223992,3.5,0.39929118776255557,0.9856984123401875,0.743411420204978,-0.5106999062308278,0.8441561368922681,0.8843778339226089,3.5456768758252997,288.5263543191801
SQL,LR,0.28744397087638296,12.0,0.20088455006597164,1.1104182706102201,0.7423133235724744,-1.294951525437063,0.852832499775074,0.896763546104777,4.1385247679574295,350.1800878477306
SQL,RF,0.15638809053869973,3.5,0.2957748216651921,0.7883641514430362,0.739385065885798,-0.5691500696067828,0.8459535928870987,0.89552746019057,3.4396126622348415,280.8049048316252
SQL,SPLConqueror,0.29434091080150426,28.0,0.4122178861681765,1.5995938173034148,0.7459736456808199,-0.2675698366098326,0.8502635597129443,0.8983106164870479,4.108146122669288,348.67093704245974
SQL,SVR,0.10412737041444206,4.0,0.45289142489471557,1.0059362940715109,0.6504392386530015,-1.201910166944891,0.8415166823593118,0.9255767247295195,3.285833121867962,255.87591508052714
javagc,DaL,0.1792339333324096,30.0,1.5241650661677681,41.18366168338598,0.2417510678380243,-1.7940035484122874,0.7798853957193799,0.5300498815230505,15.411722491243475,10861.31723010357
javagc,DECART,0.053310714954588195,19.0,1.4086011446079985,40.55630218409638,0.5916783524310067,-3.1092110895368297,0.700274110577187,0.07428576298127625,7.491036473296691,4750.571122182826
javagc,DeepPerf,,,,,,,,,,
javagc,DT,0.07659933339916115,20.5,1.568717075552804,50.10634717381438,0.5323668602109557,-2.4703380422690593,0.7665955475725357,0.10675203328906266,8.063072559208544,4852.450429086442
javagc,GP,0.3014333435215407,7.0,6.222502172454627,114.541852727752,0.2507709424788016,-1.1310378400663739,0.7820050319919079,0.5276051536700874,52.081238045089734,21759.235011078017
javagc,HINNPerf,,,,,,,,,,
javagc,kNN,0.2887335267670882,29.0,4.946752879599098,119.06296922058328,0.2879809993969049,-0.6417976802489436,0.7482395423216479,0.5122694420000086,41.94563574922345,23525.68473280069
javagc,LR,0.20933824780511134,13.0,6.462632596053047,130.6643911389721,0.27014748142301936,-2.1660163227608304,0.8347588078656789,0.524294152877069,56.28990288695359,18730.344021964618
javagc,RF,0.05500622943565761,30.0,4.604613743135528,113.35006479588371,0.2039978860322691,-2.093743522164191,0.7603256655604107,0.5325418393269479,7.560848489925418,4723.222090962788
javagc,SPLConqueror,,,,,,,,,,
javagc,SVR,0.1976211350847004,26.5,6.101452292657456,129.77346854206593,0.25611848727474096,-1.2569012044671428,0.8102927160293804,0.531813428608207,20.952082899931902,12389.780686566139
polly,DaL,0.006174972460118111,6.0,0.009922618425957985,0.035392873109218126,0.27262778091280626,-0.8348001449128082,0.8237128684349565,0.8986691442321488,1.4244714272568446,6816.566605106107
polly,DECART,0.003205380729180446,0.0,0.00594899917393521,0.02069851422872615,0.5975649378409345,-1.8829915530508172,0.811246746359642,0.7918656038328383,1.2619285746765787,6948.639340618
polly,DeepPerf,0.00845877901480041,6.0,0.0073375578992882495,0.01975591665374088,0.28836847415311473,-0.8285890118441335,0.8321150343501205,0.8933593219304716,219.33170792506422,6866.115947605123
polly,DT,0.0035422055603496483,2.0,0.004207557244714444,0.019623747240646416,0.5259067357512954,-1.484978167595843,0.8546932584921392,0.8151981007458584,1.4201908761872328,6995.464534277262
polly,GP,0.0932527873542735,7.5,2.3173835405441965,4.668425869215772,0.2628635920586877,-0.8350733307934458,0.8505744559650041,0.9020304810540571,24.445092681644333,11990.696831341165
polly,HINNPerf,0.00537416439343627,6.0,0.012294309870652942,0.034009450667353835,0.26311154431505324,-0.8367836524220651,0.8405647426040486,0.9019320073418918,1.2212438982903837,6803.960900494194
polly,kNN,0.2726480124689832,7.0,0.3690017848126782,0.7438802098834003,0.3191658544092751,-0.6995822246127674,0.8036866945131532,0.8810084935584952,13.870376481027964,9540.270592862395
polly,LR,0.07971143480217918,8.0,2.3184605173219532,4.595239591475822,0.26380410061731563,-0.8505763382699262,0.8577877028164771,0.9017312451153869,23.2301320477145,12206.306682740813
polly,RF,0.002866565875055016,5.0,0.011552926841022382,0.03375865787974375,0.27663776740368334,-0.8281393391661118,0.816242359867724,0.897006442948375,1.1241920465384925,6751.155372013885
polly,SPLConqueror,0.1012608936946674,8.0,2.3183249193790108,4.6135245475359685,0.2628464919030763,-0.8384669311034099,0.8496840582114773,0.9020571007540275,22.960978677141043,11943.716616221205
polly,SVR,0.05271407455101049,7.5,1.8078145292278203,4.124979695402859,0.2820328664990851,-0.8290885656113279,0.8303202520089603,0.8956141239181419,25.49175626504785,8088.259734263582
